2021-11-13 22:11:38.500;0;4.72646870753402;119.807518005371;-115.255111904031;119.841339111328;124.750208661751;119.789276123047;50.0064086914063;0.00331292976625264;637724382985000000
2021-11-13 22:11:38.600;0;4.95091043120793;119.818832397461;-115.030562604878;119.843772888184;124.975236074147;119.790679931641;50.0061950683594;0.000797907763626426;637724382986000000
2021-11-13 22:11:38.700;0;5.10128344908811;119.804458618164;-114.874465461587;119.84024810791;125.13099170798;119.777854919434;50.0061187744141;0.0816261619329453;637724382987000000
2021-11-13 22:11:38.800;0;5.70700255393141;119.821899414063;-114.252460624441;119.885047912598;125.734944355149;119.832008361816;50.0256729125977;0.133013188838959;637724382988000000
2021-11-13 22:11:38.900;0;5.78006081861481;119.877067565918;-114.238800246101;119.855735778809;125.810704813423;119.758316040039;49.9612655639648;-1.01933300495148;637724382989000000
2021-11-13 22:11:39.000;0;2.50378961504553;119.699554443359;-117.590981958662;119.578010559082;122.530629407929;119.388916015625;49.8744735717773;-0.429573774337769;637724382990000000
2021-11-13 22:11:39.100;0;-0.804684809882448;119.877227783203;-120.822002945537;119.850143432617;119.220760717276;119.734901428223;49.9581756591797;1.17642366886139;637724382991000000
2021-11-13 22:11:39.200;0;-0.767794958175209;119.830596923828;-120.724754712134;119.880531311035;119.264815437422;119.847717285156;50.0262260437012;0.277593821287155;637724382992000000
2021-11-13 22:11:39.300;0;-0.156943806604075;119.791870117188;-120.136538820813;119.839469909668;119.869915556372;119.779891967773;50.0067405700684;-0.205133512616158;637724382993000000
2021-11-13 22:11:39.400;0;-0.00335845912665115;119.803916931152;-119.984853979725;119.840667724609;120.022474661674;119.781745910645;50.004222869873;0.034280814230442;637724382994000000
2021-11-13 22:11:39.500;0;0.220318277106994;119.812873840332;-119.75332422724;119.842445373535;120.25061664033;119.783493041992;50.0061721801758;0.00362866721116006;637724382995000000
2021-11-13 22:11:39.600;0;0.440442480792024;119.817893981934;-119.528802248843;119.843620300293;120.474387297918;119.783409118652;50.0062828063965;0.00523304473608732;637724382996000000
2021-11-13 22:11:39.700;0;0.598445967233443;119.818771362305;-119.373552049009;119.838706970215;120.629022780727;119.779556274414;50.0064353942871;0.0829955190420151;637724382997000000
2021-11-13 22:11:39.800;0;1.20702185205796;119.834716796875;-118.752851777995;119.878005981445;121.234259503461;119.83935546875;50.0255661010742;0.127129167318344;637724382998000000
2021-11-13 22:11:39.900;0;1.28066239036809;119.864784240723;-118.738125890144;119.862075805664;121.304309923588;119.754867553711;49.9613647460938;-1.01834356784821;637724382999000000
2021-11-13 22:11:40.000;0;-1.98865205208811;119.675384521484;-122.08771896101;119.602233886719;118.01769119687;119.375762939453;49.8747253417969;-0.425519436597824;637724383000000000
2021-11-13 22:11:40.100;0;-5.29986991854576;119.856132507324;-125.320420174421;119.853561401367;114.71462537463;119.730659484863;49.9580497741699;1.17594969272614;637724383001000000
2021-11-13 22:11:40.200;0;-5.26316618949341;119.82689666748;-125.22307631837;119.869674682617;114.763597830979;119.848495483398;50.0263252258301;0.279246062040329;637724383002000000
2021-11-13 22:11:40.300;0;-4.65254386259968;119.795532226563;-124.633180200512;119.836212158203;115.368001270633;119.776679992676;50.0066528320313;-0.207586094737053;637724383003000000
2021-11-13 22:11:40.400;0;-4.50156082344926;119.803237915039;-124.483517095419;119.840675354004;115.52150294204;119.779029846191;50.0042762756348;0.0395223200321198;637724383004000000
2021-11-13 22:11:40.500;0;-4.27190766543862;119.80818939209;-124.251755116502;119.841049194336;115.749959109399;119.788635253906;50.0064163208008;0.00391109613701701;637724383005000000
2021-11-13 22:11:40.600;0;-4.04587109259352;119.810165405273;-124.025730496488;119.836151123047;115.974207880229;119.786087036133;50.0063171386719;0.00256630615331233;637724383006000000
2021-11-13 22:11:40.700;0;-3.89346694720891;119.811683654785;-123.87058957968;119.827171325684;116.129936193305;119.774147033691;50.0061531066895;0.0813745930790901;637724383007000000
2021-11-13 22:11:40.800;0;-3.29510971907382;119.827812194824;-123.249930289801;119.868225097656;116.735692010415;119.838684082031;50.0254020690918;0.130015522241592;637724383008000000
2021-11-13 22:11:40.900;0;-3.21531432654785;119.843635559082;-123.234657986817;119.865898132324;116.799649901803;119.755172729492;49.9616775512695;-1.01812887191772;637724383009000000
2021-11-13 22:11:41.000;0;-6.47574119878999;119.646224975586;-126.584333019953;119.621681213379;113.50631709913;119.367576599121;49.8748207092285;-0.424672156572342;637724383010000000
2021-11-13 22:11:41.100;0;-9.79356321784481;119.85814666748;-129.820394686435;119.865455627441;110.209576032062;119.723678588867;49.9577713012695;1.17653262615204;637724383011000000
2021-11-13 22:11:41.200;0;-9.76581045169976;119.849113464355;-129.722791283196;119.868423461914;110.263957998234;119.844635009766;50.0260963439941;0.277304083108902;637724383012000000
2021-11-13 22:11:41.300;0;-9.15642268149851;119.813110351563;-129.129684976428;119.832641601563;110.866995400054;119.776153564453;50.0066719055176;-0.206037446856499;637724383013000000
2021-11-13 22:11:41.400;0;-9.00626951033224;119.805122375488;-128.980431682685;119.840400695801;111.019206165708;119.777648925781;50.004150390625;0.0354565344750881;637724383014000000
2021-11-13 22:11:41.500;0;-8.77917255061849;119.793914794922;-128.750950986951;119.844566345215;111.248318031227;119.784149169922;50.0063285827637;0.00380156957544386;637724383015000000
2021-11-13 22:11:41.600;0;-8.5519697229726;119.803733825684;-128.525868933043;119.84228515625;111.473468387027;119.781021118164;50.0064163208008;0.00341248488985002;637724383016000000
2021-11-13 22:11:41.700;0;-8.39310635306727;119.804847717285;-128.370318204885;119.831481933594;111.627755530189;119.76953125;50.0063171386719;0.0809852555394173;637724383017000000
2021-11-13 22:11:41.800;0;-7.79050779090102;119.831809997559;-127.749713556519;119.864418029785;112.235512592725;119.837287902832;50.0254440307617;0.129053086042404;637724383018000000
2021-11-13 22:11:41.900;0;-7.7086052850161;119.863357543945;-127.732460498676;119.875686645508;112.294832785667;119.752105712891;49.9616928100586;-1.02095770835876;637724383019000000
2021-11-13 22:11:42.000;0;-10.9723787365081;119.653717041016;-131.076329871017;119.649925231934;108.992880284262;119.36060333252;49.8746337890625;-0.425272673368454;637724383020000000
2021-11-13 22:11:42.100;0;-14.3003491360091;119.857734680176;-134.312760367714;119.873550415039;105.704916010277;119.719078063965;49.9575424194336;1.17787170410156;637724383021000000
2021-11-13 22:11:42.200;0;-14.2728798227146;119.844055175781;-134.221030927161;119.863639831543;105.766729222266;119.842025756836;50.0261917114258;0.278583914041519;637724383022000000
2021-11-13 22:11:42.300;0;-13.6595868918554;119.805000305176;-133.629659488443;119.83268737793;106.366979906905;119.775245666504;50.0067596435547;-0.206775471568108;637724383023000000
2021-11-13 22:11:42.400;0;-13.505077767546;119.81177520752;-133.479149439893;119.837898254395;106.5177768234;119.777893066406;50.0043258666992;0.0363720804452896;637724383024000000
2021-11-13 22:11:42.500;0;-13.2763347322423;119.817886352539;-133.250092215887;119.839294433594;106.746540349271;119.784461975098;50.006275177002;0.00149349146522582;637724383025000000
2021-11-13 22:11:42.600;0;-13.0556718107267;119.815399169922;-133.025283369545;119.842071533203;106.97137651637;119.779678344727;50.0061340332031;0.00141090888064355;637724383026000000
2021-11-13 22:11:42.700;0;-12.8989855636193;119.797248840332;-132.86765626388;119.83243560791;107.127480489851;119.770217895508;50.0064697265625;0.0870358571410179;637724383027000000
2021-11-13 22:11:42.800;0;-12.2897719632419;119.829399108887;-132.245986106003;119.857955932617;107.738147212974;119.835678100586;50.0255432128906;0.124758407473564;637724383028000000
2021-11-13 22:11:42.900;0;-12.2066280704753;119.855850219727;-132.22774950092;119.878356933594;107.789715141207;119.743698120117;49.9615783691406;-1.02466773986816;637724383029000000
2021-11-13 22:11:43.000;0;-15.4730439514025;119.631690979004;-135.570990495857;119.66771697998;104.47979863923;119.354202270508;49.8746299743652;-0.421991467475891;637724383030000000
2021-11-13 22:11:43.100;0;-18.802844841601;119.842895507813;-138.813035408052;119.880340576172;101.199511497872;119.716949462891;49.9574699401855;1.17754065990448;637724383031000000
2021-11-13 22:11:43.200;0;-18.7742604999245;119.835456848145;-138.724338571491;119.860900878906;101.265702861119;119.841766357422;50.0262718200684;0.278767615556717;637724383032000000
2021-11-13 22:11:43.300;0;-18.1570572857655;119.800476074219;-138.130836113751;119.835472106934;101.865318338165;119.775032043457;50.0068130493164;-0.209308639168739;637724383033000000
2021-11-13 22:11:43.400;0;-18.0041191049652;119.81201171875;-137.979834291581;119.84496307373;102.016811933956;119.772644042969;50.0042304992676;0.036135945469141;637724383034000000
2021-11-13 22:11:43.500;0;-17.776465484834;119.81534576416;-137.750353595847;119.843719482422;102.246511195744;119.779273986816;50.0063285827637;0.00245508318766952;637724383035000000
2021-11-13 22:11:43.600;0;-17.5522542800446;119.814071655273;-137.524451919238;119.840705871582;102.472262608191;119.777038574219;50.0062370300293;0.00199450692161918;637724383036000000
2021-11-13 22:11:43.700;0;-17.4003730710183;119.796913146973;-137.368860209945;119.833015441895;102.627048355162;119.7685546875;50.0061874389648;0.0839230120182037;637724383037000000
2021-11-13 22:11:43.800;0;-16.8002999712977;119.832466125488;-136.750864693842;119.859855651855;103.237073040503;119.834899902344;50.0254364013672;0.129129648208618;637724383038000000
2021-11-13 22:11:43.900;0;-16.7095199270391;119.849052429199;-136.725756918453;119.888549804688;103.282179609782;119.747093200684;49.9620819091797;-1.01844191551209;637724383039000000
2021-11-13 22:11:44.000;0;-19.9587331227679;119.604949951172;-140.060583120333;119.687576293945;99.9661910696322;119.363288879395;49.8750076293945;-0.423949331045151;637724383040000000
2021-11-13 22:11:44.100;0;-23.2848440032674;119.832145690918;-143.308269768783;119.886390686035;96.6955549855716;119.721748352051;49.9573669433594;1.17319083213806;637724383041000000
2021-11-13 22:11:44.200;0;-23.2640255866772;119.850204467773;-143.221813234269;119.859245300293;96.7689043870684;119.837097167969;50.0259399414063;0.277876794338226;637724383042000000
2021-11-13 22:11:44.300;0;-22.6569447128681;119.814270019531;-142.625865568807;119.835762023926;97.3669489206055;119.770454406738;50.0066299438477;-0.207404524087906;637724383043000000
2021-11-13 22:11:44.400;0;-22.5062229284534;119.815277099609;-142.476106841065;119.842376708984;97.5176502144527;119.769035339355;50.0042877197266;0.0386953167617321;637724383044000000
2021-11-13 22:11:44.500;0;-22.2762641194774;119.805458068848;-142.246926673655;119.841514587402;97.7460107591629;119.77530670166;50.006404876709;0.00421250285580754;637724383045000000
2021-11-13 22:11:44.600;0;-22.0515133297436;119.817031860352;-142.022186129204;119.840423583984;97.9705054168029;119.777351379395;50.0062561035156;0.00073371094185859;637724383046000000
2021-11-13 22:11:44.700;0;-21.8984658659165;119.821586608887;-141.866758344452;119.832832336426;98.1259195411774;119.768989562988;50.0061836242676;0.0831598341464996;637724383047000000
2021-11-13 22:11:44.800;0;-21.3016644268083;119.850975036621;-141.249350224618;119.855865478516;98.7380820757289;119.831268310547;50.0252990722656;0.127078205347061;637724383048000000
2021-11-13 22:11:44.900;0;-21.2114854391966;119.847236633301;-141.221086901832;119.893218994141;98.777458116294;119.743270874023;49.962158203125;-1.01828920841217;637724383049000000
2021-11-13 22:11:45.000;0;-24.4604015216966;119.585670471191;-144.550366990106;119.705368041992;95.4554931606208;119.362983703613;49.8749809265137;-0.422828942537308;637724383050000000
2021-11-13 22:11:45.100;0;-27.7912867044259;119.824966430664;-147.80336752573;119.89436340332;92.1927800959974;119.720062255859;49.957202911377;1.17151844501495;637724383051000000
2021-11-13 22:11:45.200;0;-27.771042023726;119.859024047852;-147.723467972819;119.859718322754;92.270780856319;119.833404541016;50.0260314941406;0.278689831495285;637724383052000000
2021-11-13 22:11:45.300;0;-27.1613144516135;119.816429138184;-147.127943779086;119.836326599121;92.8658132764321;119.768287658691;50.0066909790039;-0.204862728714943;637724383053000000
2021-11-13 22:11:45.400;0;-27.0107839124956;119.813621520996;-146.976286258755;119.84147644043;93.014335739934;119.763473510742;50.0042381286621;0.0381200239062309;637724383054000000
2021-11-13 22:11:45.500;0;-26.781241745059;119.811050415039;-146.746518695076;119.836692810059;93.2433519828046;119.770668029785;50.0064506530762;0.00552464742213488;637724383055000000
2021-11-13 22:11:45.600;0;-26.550599917166;119.822364807129;-146.522269924246;119.836692810059;93.4682291310381;119.773956298828;50.0064353942871;0.0020358522888273;637724383056000000
2021-11-13 22:11:45.700;0;-26.3930735567907;119.81575012207;-146.3672792716;119.832794189453;93.6237320478718;119.763885498047;50.0062294006348;0.0810069143772125;637724383057000000
2021-11-13 22:11:45.800;0;-25.7938337401488;119.850845336914;-145.749625264956;119.852714538574;94.2410445450575;119.82413482666;50.0252647399902;0.123215205967426;637724383058000000
2021-11-13 22:11:45.900;0;-25.7042899601299;119.838516235352;-145.716075375752;119.897590637207;94.275653113582;119.742065429688;49.9620590209961;-1.01892685890198;637724383059000000
2021-11-13 22:11:46.000;0;-28.9593088166533;119.553359985352;-149.042022331712;119.720199584961;90.942691553345;119.374237060547;49.874828338623;-0.421004861593246;637724383060000000
2021-11-13 22:11:46.100;0;-32.2945619053568;119.809341430664;-152.300609962076;119.899879455566;87.6850464890857;119.725326538086;49.9570732116699;1.17053079605103;637724383061000000
2021-11-13 22:11:46.200;0;-32.2724218471622;119.856269836426;-152.222349654567;119.854751586914;87.7687914384993;119.826515197754;50.0261573791504;0.281022071838379;637724383062000000
2021-11-13 22:11:46.300;0;-31.6554030481108;119.811729431152;-151.625650668296;119.832359313965;88.3650259719064;119.760162353516;50.0068588256836;-0.210133239626884;637724383063000000
2021-11-13 22:11:46.400;0;-31.5044422070752;119.826034545898;-151.476520317958;119.844772338867;88.5163010016438;119.759971618652;50.0041465759277;0.0366283543407917;637724383064000000
2021-11-13 22:11:46.500;0;-31.2805486060821;119.824913024902;-151.246752754279;119.846199035645;88.7441902633013;119.768280029297;50.0062942504883;0.00533575611189008;637724383065000000
2021-11-13 22:11:46.600;0;-31.0516382311437;119.82014465332;-151.019963153077;119.842308044434;88.9688078643463;119.764297485352;50.006420135498;0.00246144062839448;637724383066000000
2021-11-13 22:11:46.700;0;-30.8953908236905;119.81706237793;-150.865204726863;119.832557678223;89.1234911584796;119.752433776855;50.0060958862305;0.078712485730648;637724383067000000
2021-11-13 22:11:46.800;0;-30.302895818854;119.853385925293;-150.251320984641;119.853851318359;89.7391370895079;119.816360473633;50.0250549316406;0.121510557830334;637724383068000000
2021-11-13 22:11:46.900;0;-30.2136115860236;119.826942443848;-150.211678566698;119.906578063965;89.7695860728278;119.74063873291;49.9622268676758;-1.01671457290649;637724383069000000
2021-11-13 22:11:47.000;0;-33.4633643666969;119.539413452148;-153.528131559711;119.733001708984;86.432813267034;119.381881713867;49.8749351501465;-0.422530621290207;637724383070000000
2021-11-13 22:11:47.100;0;-36.7970499269859;119.819221496582;-156.795543794484;119.903106689453;83.1815134485136;119.727104187012;49.9570274353027;1.16661596298218;637724383071000000
2021-11-13 22:11:47.200;0;-36.7730827931883;119.87525177002;-156.725329449816;119.856155395508;83.2697799831577;119.818031311035;50.0261917114258;0.281587809324265;637724383072000000
2021-11-13 22:11:47.300;0;-36.1574675980113;119.81999206543;-156.123849331126;119.838401794434;83.8647987428925;119.754722595215;50.0067939758301;-0.209127798676491;637724383073000000
2021-11-13 22:11:47.400;0;-36.0063667380977;119.826019287109;-155.971727357932;119.847114562988;84.0156571310906;119.757865905762;50.0041961669922;0.0381049066781998;637724383074000000
2021-11-13 22:11:47.500;0;-35.7819916087682;119.831069946289;-155.743407794356;119.844032287598;84.2449397513388;119.764205932617;50.0062675476074;0.00306072691455483;637724383075000000
2021-11-13 22:11:47.600;0;-35.5562265359426;119.834411621094;-155.518653589528;119.843460083008;84.4676653899837;119.759819030762;50.0063514709473;0.00381713826209307;637724383076000000
2021-11-13 22:11:47.700;0;-35.3974382981182;119.814430236816;-155.363867842557;119.836006164551;84.6219388727668;119.748458862305;50.0063629150391;0.0837284773588181;637724383077000000
2021-11-13 22:11:47.800;0;-34.7967573115614;119.84644317627;-154.751555043844;119.854766845703;85.241478011622;119.809089660645;50.0252075195313;0.120448894798756;637724383078000000
2021-11-13 22:11:47.900;0;-34.7103998147903;119.816314697266;-154.707664248237;119.906700134277;85.2678220512507;119.743179321289;49.9620361328125;-1.01534521579742;637724383079000000
2021-11-13 22:11:48.000;0;-37.9666002940401;119.514869689941;-158.016358146353;119.739768981934;81.926274943227;119.393714904785;49.8749122619629;-0.418756425380707;637724383080000000
2021-11-13 22:11:48.100;0;-41.2951222313166;119.80859375;-161.289767287217;119.909698486328;78.6800772760167;119.724220275879;49.9571228027344;1.16120827198029;637724383081000000
2021-11-13 22:11:48.200;0;-41.2716263805717;119.878105163574;-161.225536188262;119.855194091797;78.7709119617887;119.809692382813;50.0260620117188;0.281149536371231;637724383082000000
2021-11-13 22:11:48.300;0;-40.6608947706513;119.815460205078;-160.623017880819;119.83512878418;79.3628024948837;119.751762390137;50.0068168640137;-0.204626172780991;637724383083000000
2021-11-13 22:11:48.400;0;-40.5071950237585;119.808288574219;-160.470404134004;119.845649719238;79.5121787320319;119.753089904785;50.0043449401855;0.03980777785182;637724383084000000
2021-11-13 22:11:48.500;0;-40.2782880639147;119.807090759277;-160.242958834642;119.843894958496;79.7430322957891;119.759979248047;50.0063667297363;0.00361223006621003;637724383085000000
2021-11-13 22:11:48.600;0;-40.0527552175209;119.817695617676;-160.019092554406;119.843910217285;79.9680323874277;119.759963989258;50.0062446594238;0.00130430061835796;637724383086000000
2021-11-13 22:11:48.700;0;-39.9026344897532;119.815528869629;-159.863487184735;119.836730957031;80.1224629645617;119.749618530273;50.0060958862305;0.0838506519794464;637724383087000000
2021-11-13 22:11:48.800;0;-39.3021105975473;119.861701965332;-159.249398536837;119.853950500488;80.7422274996595;119.803436279297;50.0254249572754;0.123733721673489;637724383088000000
2021-11-13 22:11:48.900;0;-39.2087624021607;119.807815551758;-159.199483514383;119.911521911621;80.7645280672996;119.742065429688;49.9621467590332;-1.01516008377075;637724383089000000
2021-11-13 22:11:49.000;0;-42.4730429951986;119.479278564453;-162.504612053752;119.744285583496;77.4194360910967;119.409629821777;49.8746032714844;-0.419368654489517;637724383090000000
2021-11-13 22:11:49.100;0;-45.8021694042166;119.796211242676;-165.784509874327;119.908172607422;74.1793104620585;119.731506347656;49.9572906494141;1.16165578365326;637724383091000000
2021-11-13 22:11:49.200;0;-45.7693776660114;119.882720947266;-165.725934172005;119.859115600586;74.273177751822;119.806266784668;50.0262756347656;0.279841899871826;637724383092000000
2021-11-13 22:11:49.300;0;-45.1579801126469;119.819023132324;-165.125929374176;119.840454101563;74.8619673790338;119.753059387207;50.0067558288574;-0.206597611308098;637724383093000000
2021-11-13 22:11:49.400;0;-45.0062269696676;119.823715209961;-164.972236457473;119.850036621094;75.011746597343;119.752380371094;50.0042686462402;0.0377349853515625;637724383094000000
2021-11-13 22:11:49.500;0;-44.7799974439784;119.83716583252;-164.741867837146;119.850257873535;75.2443418593386;119.757682800293;50.0062675476074;0.00285627762787044;637724383095000000
2021-11-13 22:11:49.600;0;-44.5563053335659;119.845977783203;-164.517127292696;119.850456237793;75.4685906301685;119.758720397949;50.0062370300293;0.00182428653351963;637724383096000000
2021-11-13 22:11:49.700;0;-44.4027387753619;119.831588745117;-164.360756941838;119.840110778809;75.622440641223;119.745620727539;50.0062484741211;0.0846829935908318;637724383097000000
2021-11-13 22:11:49.800;0;-43.8023514869394;119.874946594238;-163.752542256627;119.85570526123;76.2431067612912;119.796340942383;50.0251808166504;0.118352457880974;637724383098000000
2021-11-13 22:11:49.900;0;-43.7199657451707;119.813484191895;-163.697600214943;119.913436889648;76.2626479325066;119.746131896973;49.9619483947754;-1.00987887382507;637724383099000000
2021-11-13 22:11:50.000;0;-46.9855918854752;119.462944030762;-166.990707621373;119.747734069824;72.9142638051238;119.42830657959;49.8747901916504;-0.417662858963013;637724383100000000
2021-11-13 22:11:50.100;0;-50.3040188031583;119.781028747559;-170.281820612565;119.91455078125;69.6771502895096;119.733879089355;49.9574165344238;1.15497589111328;637724383101000000
2021-11-13 22:11:50.200;0;-50.2688091779869;119.879615783691;-170.229255476713;119.864646911621;69.7744258436689;119.793128967285;50.0261917114258;0.280660361051559;637724383102000000
2021-11-13 22:11:50.300;0;-49.6637773609288;119.817443847656;-169.623253772793;119.844017028809;70.3659270559812;119.744277954102;50.0065841674805;-0.206767082214355;637724383103000000
2021-11-13 22:11:50.400;0;-49.5140596143222;119.813087463379;-169.470189233493;119.85604095459;70.515569670507;119.746650695801;50.0043182373047;0.0402383208274841;637724383104000000
2021-11-13 22:11:50.500;0;-49.2852551073159;119.814094543457;-169.240107481112;119.854919433594;70.7441829322165;119.749740600586;50.0063171386719;0.00327060278505087;637724383105000000
2021-11-13 22:11:50.600;0;-49.0573521852801;119.819496154785;-169.016978861306;119.853309631348;70.9677828350752;119.750419616699;50.006404876709;0.00388540187850595;637724383106000000
2021-11-13 22:11:50.700;0;-48.8991786644809;119.811347961426;-168.8629717559;119.846397399902;71.1243785821761;119.740623474121;50.0062789916992;0.0791332647204399;637724383107000000
2021-11-13 22:11:50.800;0;-48.3001096025683;119.86595916748;-168.253582278152;119.86311340332;71.747080098617;119.789817810059;50.0250205993652;0.115409590303898;637724383108000000
2021-11-13 22:11:50.900;0;-48.2245335594021;119.803451538086;-168.192834575674;119.915802001953;71.7626256091679;119.74959564209;49.9618034362793;-1.00483369827271;637724383109000000
2021-11-13 22:11:51.000;0;-51.4950535302468;119.447593688965;-171.479671868446;119.748138427734;68.4111200853343;119.446006774902;49.8747024536133;-0.420017421245575;637724383110000000
2021-11-13 22:11:51.100;0;-54.809300372158;119.776107788086;-174.775552331679;119.915252685547;65.177455815251;119.74089050293;49.9575157165527;1.15015256404877;637724383111000000
2021-11-13 22:11:51.200;0;-54.7704092750239;119.870964050293;-174.729434894403;119.865440368652;65.276684803513;119.792350769043;50.026294708252;0.281093567609787;637724383112000000
2021-11-13 22:11:51.300;0;-54.1621945898126;119.808837890625;-174.122900435727;119.84693145752;65.865604204319;119.742149353027;50.0067100524902;-0.207049682736397;637724383113000000
2021-11-13 22:11:51.400;0;-54.0107009940217;119.828033447266;-173.972089858853;119.858306884766;66.0140583659292;119.743377685547;50.0041809082031;0.03532649949193;637724383114000000
2021-11-13 22:11:51.500;0;-53.789109166779;119.832633972168;-173.74433037079;119.853477478027;66.2460047599537;119.748504638672;50.0060882568359;0.00347643322311342;637724383115000000
2021-11-13 22:11:51.600;0;-53.5670597168619;119.82154083252;-173.517267562022;119.855377197266;66.4697002854608;119.743553161621;50.0063514709473;0.00486402586102486;637724383116000000
2021-11-13 22:11:51.700;0;-53.4071444978244;119.80948638916;-173.361252381001;119.849258422852;66.6229082587333;119.733993530273;50.0064392089844;0.0817601904273033;637724383117000000
2021-11-13 22:11:51.800;0;-52.8006373599056;119.87141418457;-172.756083960159;119.865951538086;67.2473992847367;119.783401489258;50.0251770019531;0.112289279699326;637724383118000000
2021-11-13 22:11:51.900;0;-52.7241187506339;119.800361633301;-172.690309238452;119.917991638184;67.2640307953657;119.75643157959;49.9618148803711;-1.00130641460419;637724383119000000
2021-11-13 22:11:52.000;0;-56.0002599671656;119.427551269531;-175.969155209895;119.74250793457;63.9090555354338;119.475761413574;49.8745498657227;-0.419512122869492;637724383120000000
2021-11-13 22:11:52.100;0;-59.3140662618752;119.774948120117;-179.272699145377;119.914543151855;60.6746604351093;119.751472473145;49.9574356079102;1.14436292648315;637724383121000000
2021-11-13 22:11:52.200;0;-59.2746970514993;119.887519836426;-179.23136284052;119.87540435791;60.7749481026926;119.780471801758;50.0263290405273;0.284805029630661;637724383122000000
2021-11-13 22:11:52.300;0;-58.6685928947415;119.808898925781;-178.62190506088;119.853294372559;61.36681814522;119.738304138184;50.0066719055176;-0.205817386507988;637724383123000000
2021-11-13 22:11:52.400;0;-58.5145379780119;119.816192626953;-178.469359615956;119.86116027832;61.5176218919048;119.743423461914;50.0043258666992;0.0372507274150848;637724383124000000
2021-11-13 22:11:52.500;0;-58.2850436218995;119.824645996094;-178.243881411076;119.859443664551;61.7479631914743;119.745132446289;50.0063133239746;0.00251365080475807;637724383125000000
2021-11-13 22:11:52.600;0;-58.0593400207764;119.823654174805;-178.021449470565;119.859657287598;61.971966075494;119.743629455566;50.0063209533691;0.00158268737141043;637724383126000000
2021-11-13 22:11:52.700;0;-57.9045884247514;119.816543579102;-177.865038138572;119.848510742188;62.126799633789;119.736297607422;50.0062446594238;0.0787801817059517;637724383127000000
2021-11-13 22:11:52.800;0;-57.3014144191476;119.87060546875;-177.257328887359;119.870262145996;62.7496309238241;119.777076721191;50.0251235961914;0.113033652305603;637724383128000000
2021-11-13 22:11:52.900;0;-57.2310122442777;119.796524047852;-177.184382467024;119.920310974121;62.7645548871606;119.756950378418;49.9616317749023;-0.999155163764954;637724383129000000
2021-11-13 22:11:53.000;0;-60.5146291028559;119.422309875488;179.541876900567;119.732147216797;59.4110549480894;119.49324798584;49.8744316101074;-0.420896649360657;637724383130000000
2021-11-13 22:11:53.100;0;-63.8197371516575;119.775108337402;176.230013794676;119.90943145752;56.176543734549;119.758644104004;49.9577293395996;1.14288711547852;637724383131000000
2021-11-13 22:11:53.200;0;-63.7703753745259;119.889266967773;176.265517117982;119.877571105957;56.2759093265944;119.778709411621;50.0265083312988;0.285452306270599;637724383132000000
2021-11-13 22:11:53.300;0;-63.1623177836655;119.811645507813;176.875562293891;119.850555419922;56.8676564257168;119.73819732666;50.0066337585449;-0.207303360104561;637724383133000000
2021-11-13 22:11:53.400;0;-63.0116096596292;119.811622619629;177.028012116165;119.860481262207;57.0170770590945;119.741828918457;50.0041809082031;0.0382254533469677;637724383134000000
2021-11-13 22:11:53.500;0;-62.7856328509393;119.815734863281;177.256413642011;119.862365722656;57.2472441888402;119.743927001953;50.006275177002;0.00364871206693351;637724383135000000
2021-11-13 22:11:53.600;0;-62.5617050990004;119.813690185547;177.483886262129;119.862884521484;57.4725516389914;119.742118835449;50.0062065124512;0.000273102050414309;637724383136000000
2021-11-13 22:11:53.700;0;-62.409869993751;119.813743591309;177.639860462015;119.854309082031;57.6272895746381;119.73072052002;50.0061683654785;0.0798770561814308;637724383137000000
2021-11-13 22:11:53.800;0;-61.8059583277168;119.881011962891;178.242788580809;119.874954223633;58.2497998457822;119.769462585449;50.0251197814941;0.113108336925507;637724383138000000
2021-11-13 22:11:53.900;0;-61.7425536816516;119.791557312012;178.318152888111;119.914916992188;58.2649082242263;119.766777038574;49.9613571166992;-0.997040152549744;637724383139000000
2021-11-13 22:11:54.000;0;-65.0326421444684;119.407165527344;175.048186162589;119.717620849609;54.9136861532433;119.517974853516;49.8744926452637;-0.418624639511108;637724383140000000
2021-11-13 22:11:54.100;0;-68.3225393619885;119.759826660156;171.731719509197;119.900718688965;51.6791237132841;119.762420654297;49.9581718444824;1.1392594575882;637724383141000000
2021-11-13 22:11:54.200;0;-68.2681369052493;119.878112792969;171.765214756887;119.877326965332;51.7758938334448;119.772789001465;50.0263786315918;0.280131369829178;637724383142000000
2021-11-13 22:11:54.300;0;-67.6705978057107;119.808219909668;172.375669744146;119.85294342041;52.3677672910669;119.739974975586;50.0063858032227;-0.205710589885712;637724383143000000
2021-11-13 22:11:54.400;0;-67.520839077969;119.81273651123;172.52878892496;119.864082336426;52.5187827736158;119.741989135742;50.0042572021484;0.037636436522007;637724383144000000
2021-11-13 22:11:54.500;0;-67.2912900803432;119.817832946777;172.75682162059;119.864456176758;52.7484786203088;119.744132995605;50.0063514709473;0.00359814148396254;637724383145000000
2021-11-13 22:11:54.600;0;-67.0613312713673;119.807014465332;172.98189001412;119.863235473633;52.9728195986924;119.746284484863;50.0064430236816;0.00275574042461813;637724383146000000
2021-11-13 22:11:54.700;0;-66.9002549201709;119.80655670166;173.136730402604;119.854011535645;53.1294221759825;119.73754119873;50.0063667297363;0.0749628394842148;637724383147000000
2021-11-13 22:11:54.800;0;-66.2940551407647;119.885650634766;173.738688634536;119.880271911621;53.7525335037736;119.770729064941;50.0249938964844;0.109501987695694;637724383148000000
2021-11-13 22:11:54.900;0;-66.2404108350234;119.792778015137;173.819967885659;119.914161682129;53.7676589576906;119.775520324707;49.9610939025879;-0.993154942989349;637724383149000000
2021-11-13 22:11:55.000;0;-69.5409085061353;119.395683288574;170.556380556822;119.703681945801;50.4187523208362;119.541717529297;49.874210357666;-0.420959979295731;637724383150000000
2021-11-13 22:11:55.100;0;-72.8305803274128;119.750495910645;167.233315940692;119.900520324707;47.1831790128799;119.774055480957;49.9582252502441;1.13853752613068;637724383151000000
2021-11-13 22:11:55.200;0;-72.7710210778503;119.866035461426;167.263081905095;119.887809753418;47.2779410574246;119.771202087402;50.0265579223633;0.28255757689476;637724383152000000
2021-11-13 22:11:55.300;0;-72.1702308082668;119.809471130371;167.875613269862;119.856109619141;47.8686943640228;119.73616027832;50.0064163208008;-0.208340004086494;637724383153000000
2021-11-13 22:11:55.400;0;-72.0191606842044;119.824058532715;168.028022111001;119.865478515625;48.0197644880851;119.741401672363;50.0042915344238;0.0367929674685001;637724383154000000
2021-11-13 22:11:55.500;0;-71.7855613844008;119.818328857422;168.255959183983;119.864753723145;48.2497847687636;119.742172241211;50.0063858032227;0.00105278578121215;637724383155000000
2021-11-13 22:11:55.600;0;-71.5617838966237;119.812431335449;168.480740709568;119.863151550293;48.4733163697306;119.740219116211;50.0060501098633;-0.00317381508648396;637724383156000000
2021-11-13 22:11:55.700;0;-71.4140537350655;119.811630249023;168.635745022592;119.851501464844;48.627883550648;119.734260559082;50.0061874389648;0.0815592631697655;637724383157000000
2021-11-13 22:11:55.800;0;-70.8010237664893;119.87491607666;169.238358952684;119.879486083984;49.2495844443755;119.768074035645;50.0254364013672;0.11263682693243;637724383158000000
2021-11-13 22:11:55.900;0;-70.7425778377615;119.781074523926;169.322042430395;119.907905578613;49.269108540118;119.783988952637;49.9609870910645;-0.996960043907166;637724383159000000
2021-11-13 22:11:56.000;0;-74.0514288302283;119.397071838379;166.063359177382;119.686981201172;45.9242419601577;119.561897277832;49.8739776611328;-0.42294630408287;637724383160000000
2021-11-13 22:11:56.100;0;-77.332351179179;119.761703491211;162.73752150445;119.895393371582;42.6831191235007;119.775741577148;49.9585571289063;1.13788604736328;637724383161000000
2021-11-13 22:11:56.200;0;-77.2666174386068;119.877075195313;162.761809657138;119.892890930176;42.7754837716468;119.762489318848;50.0265960693359;0.282113432884216;637724383162000000
2021-11-13 22:11:56.300;0;-76.6693242258784;119.804748535156;163.374327361526;119.859352111816;43.3695087388574;119.736206054688;50.0063362121582;-0.208151593804359;637724383163000000
2021-11-13 22:11:56.400;0;-76.5232811210451;119.805023193359;163.528771599039;119.869102478027;43.5207803535003;119.741226196289;50.0040245056152;0.0336514003574848;637724383164000000
2021-11-13 22:11:56.500;0;-76.2958631424404;119.82389831543;163.756531087102;119.867652893066;43.7514768229066;119.74161529541;50.0062942504883;0.00214808690361679;637724383165000000
2021-11-13 22:11:56.600;0;-76.066170710842;119.827789306641;163.979782650313;119.866500854492;43.9772487259214;119.74382019043;50.0063743591309;-2.94362998829456E-05;637724383166000000
2021-11-13 22:11:56.700;0;-75.9096705863895;119.812438964844;164.133434585882;119.85725402832;44.1305830576936;119.735321044922;50.006290435791;0.07728660851717;637724383167000000
2021-11-13 22:11:56.800;0;-75.2986418632402;119.880142211914;164.733780893169;119.885063171387;44.7479126303523;119.761054992676;50.0252418518066;0.111380517482758;637724383168000000
2021-11-13 22:11:56.900;0;-75.2510149541577;119.782417297363;164.821603465517;119.896583557129;44.7714767829888;119.788497924805;49.9606857299805;-0.993437230587006;637724383169000000
2021-11-13 22:11:57.000;0;-78.5676250415217;119.3876953125;161.566772439196;119.658706665039;41.4344615054794;119.588302612305;49.8738479614258;-0.425617694854736;637724383170000000
2021-11-13 22:11:57.100;0;-81.8403443332791;119.763725280762;158.23775189811;119.884498596191;38.1883867816742;119.790519714355;49.958911895752;1.13887012004852;637724383171000000
2021-11-13 22:11:57.200;0;-81.7670905544307;119.889488220215;158.261985409285;119.896789550781;38.2753043539572;119.75757598877;50.0266723632813;0.280426174402237;637724383172000000
2021-11-13 22:11:57.300;0;-81.1705213417543;119.810508728027;158.875131491077;119.85774230957;38.8706373023938;119.729423522949;50.0063095092773;-0.208291947841644;637724383173000000
2021-11-13 22:11:57.400;0;-81.0210016706336;119.804466247559;159.027472030325;119.867706298828;39.0225919359537;119.741333007813;50.0041847229004;0.0323308184742928;637724383174000000
2021-11-13 22:11:57.500;0;-80.7895675407968;119.816635131836;159.253305405043;119.868179321289;39.251939442999;119.746788024902;50.0063171386719;0.000615840777754784;637724383175000000
2021-11-13 22:11:57.600;0;-80.5620539395437;119.827705383301;159.478114251384;119.866432189941;39.4748597420353;119.745819091797;50.0062217712402;-0.00313481921330094;637724383176000000
2021-11-13 22:11:57.700;0;-80.4122405702887;119.816497802734;159.634580224891;119.857627868652;39.6296249984386;119.732124328613;50.0061225891113;0.0794171914458275;637724383177000000
2021-11-13 22:11:57.800;0;-79.8005015074656;119.870880126953;160.233820041533;119.890991210938;40.2484094013905;119.755149841309;50.0254173278809;0.114238210022449;637724383178000000
2021-11-13 22:11:57.900;0;-79.750982635983;119.789733886719;160.320139972264;119.89478302002;40.2752281391665;119.794326782227;49.9606132507324;-0.996442973613739;637724383179000000
2021-11-13 22:11:58.000;0;-83.0736511011408;119.405609130859;157.065377247834;119.637550354004;36.9424817298884;119.604568481445;49.8736305236816;-0.42807999253273;637724383180000000
2021-11-13 22:11:58.100;0;-86.3455780909545;119.755821228027;153.735823951993;119.87003326416;33.6912604585436;119.795890808105;49.959114074707;1.14388477802277;637724383181000000
2021-11-13 22:11:58.200;0;-86.2695785760598;119.878349304199;153.760385312248;119.897827148438;33.7746024267961;119.759346008301;50.0267562866211;0.283794552087784;637724383182000000
2021-11-13 22:11:58.300;0;-85.6728249482758;119.817176818848;154.373394790257;119.861297607422;34.3713389791071;119.732963562012;50.0063133239746;-0.209285259246826;637724383183000000
2021-11-13 22:11:58.400;0;-85.5201087486235;119.814018249512;154.525229895506;119.870330810547;34.5222315182511;119.742835998535;50.004264831543;0.0321847833693028;637724383184000000
2021-11-13 22:11:58.500;0;-85.2861474487939;119.823959350586;154.75298938357;119.866806030273;34.7496836478017;119.74299621582;50.0063705444336;-0.000421492441091686;637724383185000000
2021-11-13 22:11:58.600;0;-85.0577937342728;119.820190429688;154.979765324392;119.862648010254;34.9742363620496;119.739532470703;50.0062408447266;-0.0032938162330538;637724383186000000
2021-11-13 22:11:58.700;0;-84.9081989310712;119.809783935547;155.133827071311;119.855773925781;35.1314912224054;119.735076904297;50.0060539245605;0.0764245912432671;637724383187000000
2021-11-13 22:11:58.800;0;-84.3030373404189;119.870208740234;155.731413982174;119.895225524902;35.7492989083059;119.759796142578;50.0251502990723;0.116192072629929;637724383188000000
2021-11-13 22:11:58.900;0;-84.2637705828805;119.77466583252;155.82147685657;119.887725830078;35.7785662688995;119.800384521484;49.960521697998;-0.991650938987732;637724383189000000
2021-11-13 22:11:59.000;0;-87.5801894249477;119.404289245605;152.570224849374;119.611022949219;32.4512532751061;119.616622924805;49.873950958252;-0.429125547409058;637724383190000000
2021-11-13 22:11:59.100;0;-90.8376910552344;119.771339416504;149.237037892894;119.863700866699;29.1957767959083;119.796287536621;49.9593391418457;1.13989722728729;637724383191000000
2021-11-13 22:11:59.200;0;-90.7618964460147;119.885063171387;149.257173290567;119.909675598145;29.2744298392956;119.753662109375;50.0266609191895;0.282381296157837;637724383192000000
2021-11-13 22:11:59.300;0;-90.1705181771075;119.820655822754;149.870783825223;119.863151550293;29.8715625425786;119.731315612793;50.0061302185059;-0.209548860788345;637724383193000000
2021-11-13 22:11:59.400;0;-90.0237920533573;119.814682006836;150.025036817438;119.867454528809;30.0241148176908;119.744285583496;50.0041275024414;0.0331506207585335;637724383194000000
2021-11-13 22:11:59.500;0;-89.7918319989545;119.813903808594;150.251771777126;119.868873596191;30.2523285133338;119.747406005859;50.006404876709;0.0020072665065527;637724383195000000
2021-11-13 22:11:59.600;0;-89.5617502465735;119.81282043457;150.476635264981;119.869636535645;30.4742925858863;119.742584228516;50.0062637329102;-0.00386638636700809;637724383196000000
2021-11-13 22:11:59.700;0;-89.4082349147883;119.801498413086;150.632609464868;119.86156463623;30.6289109932225;119.735290527344;50.006290435791;0.0773798301815987;637724383197000000
2021-11-13 22:11:59.800;0;-88.7928895120835;119.864456176758;151.230578866324;119.900527954102;31.2463771696646;119.758018493652;50.0253219604492;0.112381376326084;637724383198000000
2021-11-13 22:11:59.900;0;-88.7655824157818;119.788131713867;151.319603551966;119.87964630127;31.2842881346527;119.803153991699;49.9596862792969;-1.00056707859039;637724383199000000
2021-11-13 22:12:00.000;0;-92.1065284671585;119.430603027344;148.068132978716;119.586402893066;27.9629788771398;119.625511169434;49.8734741210938;-0.425872147083282;637724383200000000
2021-11-13 22:12:00.100;0;-95.3566261723849;119.785591125488;144.735711003424;119.854454040527;24.6972963877747;119.802085876465;49.9599914550781;1.14951157569885;637724383201000000
2021-11-13 22:12:00.200;0;-95.2640156374287;119.874015808105;144.757758854065;119.911918640137;24.7708865534397;119.754440307617;50.0269737243652;0.280565500259399;637724383202000000
2021-11-13 22:12:00.300;0;-94.6673917832389;119.801147460938;145.37153331326;119.861557006836;25.3700256247914;119.733604431152;50.0062294006348;-0.209797829389572;637724383203000000
2021-11-13 22:12:00.400;0;-94.5168270931751;119.802581787109;145.525390154504;119.866027832031;25.5210718431916;119.744598388672;50.0041046142578;0.028429914265871;637724383204000000
2021-11-13 22:12:00.500;0;-94.2898599070556;119.814872741699;145.751100585816;119.867874145508;25.7510050389582;119.744468688965;50.0060882568359;-0.000774290121626109;637724383205000000
2021-11-13 22:12:00.600;0;-94.0675167590042;119.813552856445;145.974802941513;119.867050170898;25.9750864701534;119.746147155762;50.0062103271484;0.00119839364197105;637724383206000000
2021-11-13 22:12:00.700;0;-93.9097735401227;119.802673339844;146.130503933832;119.858695983887;26.1292523774571;119.739135742188;50.0064735412598;0.0771764665842056;637724383207000000
2021-11-13 22:12:00.800;0;-93.2899202125657;119.859550476074;146.730399448634;119.90518951416;26.744604610351;119.75626373291;50.0253486633301;0.1105125695467;637724383208000000
2021-11-13 22:12:00.900;0;-93.2660965127407;119.785957336426;146.818768436116;119.876480102539;26.7868920190499;119.808364868164;49.9595794677734;-1.00137305259705;637724383209000000
2021-11-13 22:12:01.000;0;-96.6093511680569;119.43970489502;143.564415523037;119.564155578613;23.4740112149727;119.637054443359;49.873420715332;-0.428745210170746;637724383210000000
2021-11-13 22:12:01.100;0;-99.8581306467735;119.784278869629;140.23441143471;119.845748901367;20.2025213572659;119.805137634277;49.9600448608398;1.14985263347626;637724383211000000
2021-11-13 22:12:01.200;0;-99.7672003383531;119.872940063477;140.258726908156;119.916282653809;20.2697679847393;119.755088806152;50.0269317626953;0.278938412666321;637724383212000000
2021-11-13 22:12:01.300;0;-99.170282786029;119.812675476074;140.870179103033;119.862426757813;20.871674990252;119.735160827637;50.0062446594238;-0.210844129323959;637724383213000000
2021-11-13 22:12:01.400;0;-99.0168835674597;119.814178466797;141.022410359255;119.865539550781;21.0242187276278;119.743957519531;50.0041084289551;0.0259388163685799;637724383214000000
2021-11-13 22:12:01.500;0;-98.7907838153647;119.814102172852;141.250183507696;119.867599487305;21.2522309326903;119.743354797363;50.0060501098633;-0.00142598664388061;637724383215000000
2021-11-13 22:12:01.600;0;-98.5676278748021;119.812370300293;141.475702693712;119.870735168457;21.4759093827245;119.743629455566;50.0062446594238;0.000424452067818493;637724383216000000
2021-11-13 22:12:01.700;0;-98.4110457880795;119.801971435547;141.628876516038;119.862838745117;21.6295681484823;119.733329772949;50.0063705444336;0.074646569788456;637724383217000000
2021-11-13 22:12:01.800;0;-97.7945119324592;119.85400390625;142.227337691115;119.908721923828;22.2414916264129;119.75106048584;50.0253143310547;0.113089449703693;637724383218000000
2021-11-13 22:12:01.900;0;-97.7738847611657;119.795677185059;142.314449923789;119.867134094238;22.2891185354954;119.809463500977;49.9594039916992;-1.0035572052002;637724383219000000
2021-11-13 22:12:02.000;0;-101.11723503913;119.462997436523;139.056763878395;119.541648864746;18.9843502886049;119.642700195313;49.8734817504883;-0.429346978664398;637724383220000000
2021-11-13 22:12:02.100;0;-104.35858327203;119.790222167969;135.729573828007;119.839317321777;15.7074492135281;119.806999206543;49.9603462219238;1.1553145647049;637724383221000000
2021-11-13 22:12:02.200;0;-104.265569755913;119.867309570313;135.756812622417;119.922157287598;15.7694946519485;119.755432128906;50.0268859863281;0.279555559158325;637724383222000000
2021-11-13 22:12:02.300;0;-103.675782921082;119.805839538574;136.366871458704;119.866790771484;16.3704812894707;119.735404968262;50.005973815918;-0.212377071380615;637724383223000000
2021-11-13 22:12:02.400;0;-103.529029476575;119.808097839355;136.519362262114;119.868202209473;16.5221166116868;119.745025634766;50.0040740966797;0.0296527296304703;637724383224000000
2021-11-13 22:12:02.500;0;-103.298046139224;119.819404602051;136.748118957796;119.866859436035;16.751679269691;119.744491577148;50.0062980651855;0.000640167389065027;637724383225000000
2021-11-13 22:12:02.600;0;-103.068401518949;119.828353881836;136.974594370295;119.868255615234;16.9763924933844;119.742805480957;50.0062980651855;-0.00254354299977422;637724383226000000
2021-11-13 22:12:02.700;0;-102.911928715254;119.825981140137;137.129202532347;119.865234375;17.1313763158411;119.735466003418;50.0063896179199;0.0755776390433311;637724383227000000
2021-11-13 22:12:02.800;0;-102.291501651806;119.870422363281;137.728742877313;119.914894104004;17.7430880579075;119.755233764648;50.0255012512207;0.115358531475067;637724383228000000
2021-11-13 22:12:02.900;0;-102.272868895751;119.797409057617;137.812658581456;119.857490539551;17.7964437881563;119.811538696289;49.9591903686523;-1.00730288028717;637724383229000000
2021-11-13 22:12:03.000;0;-105.62210679678;119.474311828613;134.550232384777;119.517868041992;14.4987840606446;119.644523620605;49.8733215332031;-0.430370837450027;637724383230000000
2021-11-13 22:12:03.100;0;-108.860722954011;119.796600341797;131.226839919568;119.830841064453;11.2117947961637;119.806632995605;49.9605712890625;1.15931570529938;637724383231000000
2021-11-13 22:12:03.200;0;-108.762655097908;119.868965148926;131.256537582079;119.920280456543;11.2660000311905;119.754600524902;50.026969909668;0.278669536113739;637724383232000000
2021-11-13 22:12:03.300;0;-108.171966678107;119.81812286377;131.865735814531;119.861251831055;11.8701874661125;119.735008239746;50.0059394836426;-0.213993057608604;637724383233000000
2021-11-13 22:12:03.400;0;-108.025554743059;119.806465148926;132.019374089721;119.867729187012;12.023187972389;119.744804382324;50.0040702819824;0.0297079049050808;637724383234000000
2021-11-13 22:12:03.500;0;-107.792454047065;119.802032470703;132.246600823029;119.872200012207;12.2526054888732;119.74520111084;50.00634765625;0.000408758263802156;637724383235000000
2021-11-13 22:12:03.600;0;-107.564653577866;119.807662963867;132.473322122338;119.868499755859;12.4751091463702;119.744354248047;50.0061836242676;-0.00462193787097931;637724383236000000
2021-11-13 22:12:03.700;0;-107.412982397157;119.80931854248;132.62925534109;119.859931945801;12.6282650394503;119.734992980957;50.0062675476074;0.0773385763168335;637724383237000000
2021-11-13 22:12:03.800;0;-106.793907711165;119.866157531738;133.229178176648;119.917839050293;13.2385791540577;119.752548217773;50.0255012512207;0.117043897509575;637724383238000000
2021-11-13 22:12:03.900;0;-106.776053596675;119.817977905273;133.309105050316;119.855888366699;13.2993217338939;119.807991027832;49.9590339660645;-1.01463770866394;637724383239000000
2021-11-13 22:12:04.000;0;-110.12721761105;119.509887695313;130.040272136196;119.503494262695;10.0113420919834;119.637672424316;49.8732948303223;-0.430288553237915;637724383240000000
2021-11-13 22:12:04.100;0;-113.363962296449;119.815467834473;126.721770086432;119.82991027832;6.71682510526346;119.803695678711;49.9607391357422;1.16100358963013;637724383241000000
2021-11-13 22:12:04.200;0;-113.265484628996;119.86750793457;126.756808956874;119.927040100098;6.76420655442267;119.757942199707;50.0269317626953;0.276544451713562;637724383242000000
2021-11-13 22:12:04.300;0;-112.675178699788;119.81494140625;127.36399911371;119.861434936523;7.37098561924779;119.736770629883;50.005973815918;-0.213847160339355;637724383243000000
2021-11-13 22:12:04.400;0;-112.52629423626;119.817253112793;127.517541766252;119.868034362793;7.52449412084383;119.745094299316;50.0041236877441;0.0263356659561396;637724383244000000
2021-11-13 22:12:04.500;0;-112.29505135172;119.829704284668;127.745328575072;119.875061035156;7.75268220327749;119.744079589844;50.0062408447266;-0.00271792593412101;637724383245000000
2021-11-13 22:12:04.600;0;-112.069108693976;119.826126098633;127.968143006176;119.872611999512;7.97725113922469;119.747444152832;50.006160736084;-0.00442158058285713;637724383246000000
2021-11-13 22:12:04.700;0;-111.915484079164;119.805732727051;128.122300375743;119.863975524902;8.13099442857345;119.740852355957;50.00634765625;0.0787746012210846;637724383247000000
2021-11-13 22:12:04.800;0;-111.29404614772;119.856231689453;128.727605400368;119.92130279541;8.73792589199443;119.754425048828;50.0255088806152;0.114800438284874;637724383248000000
2021-11-13 22:12:04.900;0;-111.280863882622;119.823623657227;128.805619821068;119.849060058594;8.80369634483342;119.806632995605;49.9588012695313;-1.01568591594696;637724383249000000
2021-11-13 22:12:05.000;0;-114.634479934909;119.520523071289;125.529560566806;119.482040405273;5.52198767035458;119.635147094727;49.8733100891113;-0.430702686309814;637724383250000000
2021-11-13 22:12:05.100;0;-117.868437903127;119.791000366211;122.215320555085;119.82177734375;2.22016344843981;119.803764343262;49.9607887268066;1.16251194477081;637724383251000000
2021-11-13 22:12:05.200;0;-117.771708764101;119.838348388672;122.254812708866;119.934280395508;2.26317741851161;119.760040283203;50.0268440246582;0.276953428983688;637724383252000000
2021-11-13 22:12:05.300;0;-117.179490381926;119.801712036133;122.862494639322;119.865119934082;2.87208451415002;119.739196777344;50.0061340332031;-0.210728839039803;637724383253000000
2021-11-13 22:12:05.400;0;-117.026289238842;119.804656982422;123.016925216456;119.864723205566;3.02441822320881;119.750518798828;50.0041618347168;0.0255571603775024;637724383254000000
2021-11-13 22:12:05.500;0;-116.797395939377;119.813201904297;123.245859497056;119.874183654785;3.25132991404133;119.747718811035;50.0061531066895;-0.00205241632647812;637724383255000000
2021-11-13 22:12:05.600;0;-116.573065206277;119.814002990723;123.470381475453;119.87580871582;3.47721280763011;119.746208190918;50.0061531066895;-0.00457618944346905;637724383256000000
2021-11-13 22:12:05.700;0;-116.420041648112;119.80248260498;123.622339524107;119.865676879883;3.63268434828229;119.739418029785;50.0062942504883;0.0749340951442719;637724383257000000
2021-11-13 22:12:05.800;0;-115.799532622395;119.837852478027;124.225554510846;119.923645019531;4.2366480945089;119.757682800293;50.0256156921387;0.120258785784245;637724383258000000
2021-11-13 22:12:05.900;0;-115.781883413579;119.81672668457;124.298487270803;119.848960876465;4.30791514208246;119.804862976074;49.9589042663574;-1.01857244968414;637724383259000000
2021-11-13 22:12:06.000;0;-119.133047427955;119.55411529541;121.01561148775;119.473983764648;1.03462627658125;119.624542236328;49.8732872009277;-0.431795179843903;637724383260000000
2021-11-13 22:12:06.100;0;-122.368193849088;119.821914672852;117.707231778336;119.816703796387;-2.27464658678853;119.80118560791;49.9608154296875;1.16518080234528;637724383261000000
2021-11-13 22:12:06.200;0;-122.268800936286;119.842948913574;117.753868309989;119.933639526367;-2.23620457459241;119.765266418457;50.026912689209;0.275195062160492;637724383262000000
2021-11-13 22:12:06.300;0;-121.677702705134;119.797309875488;118.359938315801;119.868034362793;-1.62613282497881;119.741889953613;50.0059700012207;-0.212620824575424;637724383263000000
2021-11-13 22:12:06.400;0;-121.530143298306;119.800422668457;118.511500213483;119.870185852051;-1.4745888565428;119.753875732422;50.004020690918;0.0268056802451611;637724383264000000
2021-11-13 22:12:06.500;0;-121.302506753647;119.806251525879;118.740420833705;119.8759765625;-1.24865815162983;119.753395080566;50.0061225891113;-0.00215894100256264;637724383265000000
2021-11-13 22:12:06.600;0;-121.076236246823;119.805503845215;118.965776095181;119.872665405273;-1.02255583821395;119.75316619873;50.0062637329102;-0.00240756524726748;637724383266000000
2021-11-13 22:12:06.700;0;-120.921464160231;119.79621887207;119.118676709941;119.86344909668;-0.86608132697084;119.744216918945;50.0062828063965;0.0730985552072525;637724383267000000
2021-11-13 22:12:06.800;0;-120.301815738349;119.838668823242;119.724514489321;119.925216674805;-0.263542502279398;119.762886047363;50.0255889892578;0.120450712740421;637724383268000000
2021-11-13 22:12:06.900;0;-120.282568265268;119.828514099121;119.792365588536;119.844612121582;-0.18890646389773;119.804489135742;49.9589576721191;-1.02015614509583;637724383269000000
2021-11-13 22:12:07.000;0;-123.62914239252;119.572441101074;116.501826333234;119.46248626709;-3.45708872245773;119.611869812012;49.8733901977539;-0.432364404201508;637724383270000000
2021-11-13 22:12:07.100;0;-126.863045719225;119.822319030762;113.201157907393;119.815353393555;-6.77297822486425;119.796684265137;49.9608840942383;1.16804111003876;637724383271000000
2021-11-13 22:12:07.200;0;-126.764813938582;119.832145690918;113.253709382867;119.936050415039;-6.73997987343663;119.772468566895;50.0268287658691;0.272374957799912;637724383272000000
2021-11-13 22:12:07.300;0;-126.176994198232;119.803077697754;113.857170256416;119.867652893066;-6.12894602764541;119.743217468262;50.0058174133301;-0.214861735701561;637724383273000000
2021-11-13 22:12:07.400;0;-126.03052762167;119.813957214355;114.008848267314;119.867012023926;-5.97618030912161;119.751609802246;50.0041618347168;0.0300647262483835;637724383274000000
2021-11-13 22:12:07.500;0;-125.797194699244;119.814765930176;114.237072208241;119.871154785156;-5.74804174555943;119.75407409668;50.0063095092773;-0.00401162309572101;637724383275000000
2021-11-13 22:12:07.600;0;-125.570500720692;119.808120727539;114.461034111126;119.871429443359;-5.52277698409054;119.75611114502;50.0060768127441;-0.00560885528102517;637724383276000000
2021-11-13 22:12:07.700;0;-125.4203321816;119.80379486084;114.616065744907;119.862907409668;-5.36813296354498;119.747817993164;50.0062828063965;0.0768439620733261;637724383277000000
2021-11-13 22:12:07.800;0;-124.798730325615;119.841728210449;115.224963449035;119.925849914551;-4.76600226933688;119.770492553711;50.0256729125977;0.1195899695158;637724383278000000
2021-11-13 22:12:07.900;0;-124.779387229886;119.829605102539;115.284850547678;119.841728210449;-4.68682671647809;119.804321289063;49.9588661193848;-1.02384459972382;637724383279000000
2021-11-13 22:12:08.000;0;-128.127245432702;119.587989807129;111.987624537178;119.455726623535;-7.95002856651396;119.601249694824;49.8734359741211;-0.431394189596176;637724383280000000
2021-11-13 22:12:08.100;0;-131.363184155779;119.830238342285;108.696812074309;119.814918518066;-11.2691385031141;119.797927856445;49.9607963562012;1.16862547397614;637724383281000000
2021-11-13 22:12:08.200;0;-131.268080601776;119.838706970215;108.752054644316;119.935615539551;-11.2390498122729;119.780296325684;50.0267906188965;0.272622585296631;637724383282000000
2021-11-13 22:12:08.300;0;-130.675957842249;119.808151245117;109.352278008199;119.861869812012;-10.6285384759532;119.746513366699;50.0059700012207;-0.214987441897392;637724383283000000
2021-11-13 22:12:08.400;0;-130.527893001422;119.805839538574;109.505458660715;119.86198425293;-10.4773727292425;119.756469726563;50.0040321350098;0.0250513795763254;637724383284000000
2021-11-13 22:12:08.500;0;-130.298562569849;119.809349060059;109.735328677231;119.874008178711;-10.2492563637951;119.757911682129;50.0062446594238;-0.00132366211619228;637724383285000000
2021-11-13 22:12:08.600;0;-130.069273119412;119.807823181152;109.960444882086;119.875541687012;-10.0228629135659;119.757461547852;50.0062408447266;-0.00474792160093784;637724383286000000
2021-11-13 22:12:08.700;0;-129.916714014111;119.792030334473;110.113502591197;119.863708496094;-9.86914950629476;119.749130249023;50.0061874389648;0.074311874806881;637724383287000000
2021-11-13 22:12:08.800;0;-129.299182950872;119.830589294434;110.721758257543;119.926239013672;-9.26753278382169;119.775032043457;50.0256309509277;0.123267844319344;637724383288000000
2021-11-13 22:12:08.900;0;-129.277995704066;119.849830627441;110.777560903062;119.838256835938;-9.1831884853085;119.803504943848;49.958984375;-1.02300727367401;637724383289000000
2021-11-13 22:12:09.000;0;-132.619966283818;119.625328063965;107.472671420314;119.448532104492;-12.4426145213938;119.589706420898;49.873477935791;-0.430801719427109;637724383290000000
2021-11-13 22:12:09.100;0;-135.861533082771;119.844787597656;104.188429599427;119.808746337891;-15.7666584158957;119.797401428223;49.9605751037598;1.16767191886902;637724383291000000
2021-11-13 22:12:09.200;0;-135.771880019726;119.824485778809;104.251465415277;119.930809020996;-15.7408198102655;119.789810180664;50.0266609191895;0.271534830331802;637724383292000000
2021-11-13 22:12:09.300;0;-135.179702618686;119.792411804199;104.851832213132;119.862434387207;-15.1294973889819;119.754051208496;50.0060272216797;-0.214436948299408;637724383293000000
2021-11-13 22:12:09.400;0;-135.027061551114;119.810508728027;105.003646827813;119.862686157227;-14.9755824911302;119.764625549316;50.0042114257813;0.0274713020771742;637724383294000000
2021-11-13 22:12:09.500;0;-134.795231270306;119.803009033203;105.231030655472;119.870468139648;-14.7480757200663;119.762626647949;50.0061721801758;-0.00525683956220746;637724383295000000
2021-11-13 22:12:09.600;0;-134.571515254231;119.785110473633;105.454692030034;119.871627807617;-14.5245048455115;119.761474609375;50.0061149597168;-0.00268617039546371;637724383296000000
2021-11-13 22:12:09.700;0;-134.419188375361;119.783241271973;105.609238720383;119.865867614746;-14.3697190985407;119.754035949707;50.0062942504883;0.075683020055294;637724383297000000
2021-11-13 22:12:09.800;0;-133.80044153845;119.823348999023;106.221046085098;119.929763793945;-13.7691209280276;119.784240722656;50.0256004333496;0.122079484164715;637724383298000000
2021-11-13 22:12:09.900;0;-133.779022065213;119.845588684082;106.270168805609;119.835510253906;-13.6828163652226;119.806182861328;49.9589958190918;-1.02340936660767;637724383299000000
2021-11-13 22:12:10.000;0;-137.12078773929;119.637573242188;102.958346680853;119.448928833008;-16.9367159244958;119.569892883301;49.8734436035156;-0.433458477258682;637724383300000000
2021-11-13 22:12:10.100;0;-140.367613783904;119.84693145752;99.6836876153713;119.812980651855;-20.2661496920264;119.783378601074;49.9604721069336;1.17136025428772;637724383301000000
2021-11-13 22:12:10.200;0;-140.276499060376;119.82112121582;99.7513133183436;119.928955078125;-20.2440608602506;119.79704284668;50.0268783569336;0.274216741323471;637724383302000000
2021-11-13 22:12:10.300;0;-139.676262036115;119.79704284668;100.346755549807;119.857551574707;-19.631372401133;119.75910949707;50.0061874389648;-0.214605823159218;637724383303000000
2021-11-13 22:12:10.400;0;-139.524918704486;119.802947998047;100.498624806002;119.859352111816;-19.4790523524525;119.763610839844;50.0040969848633;0.0269896984100342;637724383304000000
2021-11-13 22:12:10.500;0;-139.296394235236;119.799369812012;100.73103565289;119.870300292969;-19.2515694870506;119.763534545898;50.0061912536621;-0.00136986537836492;637724383305000000
2021-11-13 22:12:10.600;0;-139.070178369925;119.803512573242;100.956336272852;119.870849609375;-19.0251453009701;119.764671325684;50.0061492919922;-0.00510200578719378;637724383306000000
2021-11-13 22:12:10.700;0;-138.920515264832;119.793075561523;101.109059302694;119.857978820801;-18.8710050068759;119.759521484375;50.0060958862305;0.072067879140377;637724383307000000
2021-11-13 22:12:10.800;0;-138.305579673477;119.809928894043;101.719862629601;119.921211242676;-18.2713553788838;119.788932800293;50.0256004333496;0.124681562185287;637724383308000000
2021-11-13 22:12:10.900;0;-138.278354539445;119.849723815918;101.763411915749;119.835098266602;-18.1823272781472;119.794227600098;49.9591941833496;-1.0250688791275;637724383309000000
2021-11-13 22:12:11.000;0;-141.613877420621;119.666191101074;98.445374318848;119.45157623291;-21.4358469081478;119.547248840332;49.8735961914063;-0.431738942861557;637724383310000000
2021-11-13 22:12:11.100;0;-144.86452837117;119.858924865723;95.1758105744871;119.810813903809;-24.7661446946085;119.77961730957;49.9602966308594;1.16961252689362;637724383311000000
2021-11-13 22:12:11.200;0;-144.777798629089;119.815498352051;95.2501776741702;119.927513122559;-24.7431440325784;119.80110168457;50.0267219543457;0.270741581916809;637724383312000000
2021-11-13 22:12:11.300;0;-144.18034832201;119.785720825195;95.8487344718951;119.859870910645;-24.1308892904731;119.761558532715;50.0061073303223;-0.214988633990288;637724383313000000
2021-11-13 22:12:11.400;0;-144.029291858326;119.78938293457;95.9987732373928;119.857734680176;-23.9775856945522;119.769050598145;50.0041465759277;0.0280961971729994;637724383314000000
2021-11-13 22:12:11.500;0;-143.799073502162;119.784126281738;96.2258428763498;119.865768432617;-23.7510009990262;119.770980834961;50.0062141418457;-0.0027781929820776;637724383315000000
2021-11-13 22:12:11.600;0;-143.572447825501;119.793434143066;96.4502145905848;119.866683959961;-23.5277733414772;119.77286529541;50.0061950683594;-0.00363247073255479;637724383316000000
Timestamp;Test Status;Test Voltage0 Angle [P]V1;Test Voltage0 Magnitude [P]V1;Test Voltage1 Angle [P]V2;Test Voltage1 Magnitude [P]V2;Test Voltage2 Angle [P]V3;Test Voltage2 Magnitude [P]V3;Test Frequency;Test DfDt;EOF
2021-11-13 22:12:11.700;0;-143.421965097707;119.795631408691;96.6046041865837;119.856269836426;-23.3722772548327;119.765892028809;50.0061073303223;0.0716805681586266;637724383317000000
2021-11-13 22:12:11.800;0;-142.807357355432;119.812797546387;97.2184606080495;119.918098449707;-22.7717226267756;119.802291870117;50.025634765625;0.123923532664776;637724383318000000
2021-11-13 22:12:11.900;0;-142.774080673796;119.850738525391;97.2573243844268;119.832733154297;-22.6826672052824;119.796104431152;49.9594345092773;-1.02600073814392;637724383319000000
2021-11-13 22:12:12.000;0;-146.103633969637;119.672523498535;93.9315959945209;119.457397460938;-25.9356711560006;119.527145385742;49.8736343383789;-0.433424979448318;637724383320000000
2021-11-13 22:12:12.100;0;-149.36084190179;119.859985351563;90.6692176091669;119.817405700684;-29.2689964238109;119.774894714355;49.9600639343262;1.17040908336639;637724383321000000
2021-11-13 22:12:12.200;0;-149.27994514126;119.812629699707;90.7479082185946;119.928199768066;-29.2479184600322;119.812934875488;50.0266342163086;0.27089586853981;637724383322000000
2021-11-13 22:12:12.300;0;-148.681784494507;119.79118347168;91.3429679594644;119.858924865723;-28.6338041989253;119.768623352051;50.0061531066895;-0.214796960353851;637724383323000000
2021-11-13 22:12:12.400;0;-148.532708785682;119.811996459961;91.4943454420394;119.855895996094;-28.4798893010737;119.773628234863;50.004035949707;0.0257532298564911;637724383324000000
2021-11-13 22:12:12.500;0;-148.305222505186;119.814712524414;91.7245842887714;119.864685058594;-28.2523073979288;119.773666381836;50.0061683654785;-0.0024671524297446;637724383325000000
2021-11-13 22:12:12.600;0;-148.07600135664;119.80736541748;91.9490584558438;119.865356445313;-28.027556608195;119.775199890137;50.0062942504883;-0.00473181856796145;637724383326000000
2021-11-13 22:12:12.700;0;-147.918647458541;119.795211791992;92.1028743159525;119.85555267334;-27.8742888707672;119.768768310547;50.006290435791;0.0739101767539978;637724383327000000
2021-11-13 22:12:12.800;0;-147.301867716111;119.816719055176;92.7197906621664;119.916152954102;-27.2759267334336;119.806701660156;50.0256004333496;0.123981855809689;637724383328000000
2021-11-13 22:12:12.900;0;-147.269478959067;119.862655639648;92.7525755701825;119.83186340332;-27.1867312930624;119.790771484375;49.9593505859375;-1.02792131900787;637724383329000000
2021-11-13 22:12:13.000;0;-150.598608783179;119.68367767334;89.4186372928942;119.465881347656;-30.4388985456073;119.505554199219;49.873649597168;-0.431948930025101;637724383330000000
2021-11-13 22:12:13.100;0;-153.857838451326;119.864837646484;86.1640384930048;119.821144104004;-33.7706579925504;119.767570495605;49.960090637207;1.17199099063873;637724383331000000
2021-11-13 22:12:13.200;0;-153.776395275663;119.820159912109;86.2462261592875;119.920127868652;-33.7479988399789;119.821174621582;50.0265464782715;0.265227496623993;637724383332000000
2021-11-13 22:12:13.300;0;-153.179149874259;119.79093170166;86.8395851830541;119.851913452148;-33.1357270224006;119.772636413574;50.0061149597168;-0.214567497372627;637724383333000000
2021-11-13 22:12:13.400;0;-153.02895401441;119.794975280762;86.9921852694905;119.855560302734;-32.9838133699757;119.776313781738;50.0040969848633;0.0261885039508343;637724383334000000
2021-11-13 22:12:13.500;0;-152.802341998127;119.802421569824;87.2219391727914;119.864028930664;-32.7561255988988;119.778762817383;50.0060615539551;-0.00312642776407301;637724383335000000
2021-11-13 22:12:13.600;0;-152.580319868967;119.805160522461;87.4477110758061;119.85865020752;-32.5304834694782;119.778594970703;50.006175994873;-0.00169434840790927;637724383336000000
2021-11-13 22:12:13.700;0;-152.424250046432;119.797805786133;87.6032344832073;119.848754882813;-32.376828118815;119.769653320313;50.0063171386719;0.0740267187356949;637724383337000000
2021-11-13 22:12:13.800;0;-151.806855586976;119.820915222168;88.219460980315;119.912101745605;-31.7776292833082;119.816261291504;50.0256652832031;0.125519022345543;637724383338000000
2021-11-13 22:12:13.900;0;-151.766120338766;119.870239257813;88.2466314728334;119.837760925293;-31.6889836731651;119.791290283203;49.9597244262695;-1.02562808990479;637724383339000000
2021-11-13 22:12:14.000;0;-155.083652501668;119.695617675781;84.9078027800993;119.480339050293;-34.9456042090489;119.482986450195;49.8738021850586;-0.433478593826294;637724383340000000
2021-11-13 22:12:14.100;0;-158.356679151938;119.864501953125;81.6593238297063;119.820449829102;-38.2758302785233;119.760902404785;49.959400177002;1.16707181930542;637724383341000000
2021-11-13 22:12:14.200;0;-158.288377260238;119.809478759766;81.7481299492948;119.912475585938;-38.2489978803689;119.828758239746;50.0264854431152;0.269444286823273;637724383342000000
2021-11-13 22:12:14.300;0;-157.682921971452;119.789108276367;82.3387637275824;119.851608276367;-37.6373612703834;119.774749755859;50.0064353942871;-0.21269066631794;637724383343000000
2021-11-13 22:12:14.400;0;-157.525854941298;119.804534912109;82.488474644;119.849281311035;-37.4852188066214;119.777801513672;50.0042304992676;0.0260703973472118;637724383344000000
2021-11-13 22:12:14.500;0;-157.296114698375;119.798767089844;82.7196833775941;119.856819152832;-37.2575105449769;119.782516479492;50.0061073303223;-0.00556329870596528;637724383345000000
2021-11-13 22:12:14.600;0;-157.074270154133;119.796699523926;82.9455577334464;119.858016967773;-37.0339789440099;119.78604888916;50.0061302185059;-0.000982606434263289;637724383346000000
2021-11-13 22:12:14.700;0;-156.92041331289;119.79931640625;83.1001863860663;119.846870422363;-36.8806855933727;119.777755737305;50.0062637329102;0.0739797949790955;637724383347000000
2021-11-13 22:12:14.800;0;-156.309903684117;119.820419311523;83.7202104683525;119.904960632324;-36.2800831539914;119.821815490723;50.0254440307617;0.124300792813301;637724383348000000
2021-11-13 22:12:14.900;0;-156.267638473533;119.867095947266;83.7441639417718;119.840232849121;-36.1920795816304;119.78409576416;49.9600143432617;-1.02341854572296;637724383349000000
2021-11-13 22:12:15.000;0;-159.571838107175;119.69458770752;80.3989217014071;119.498893737793;-39.4489084382838;119.465034484863;49.8741188049316;-0.433764547109604;637724383350000000
2021-11-13 22:12:15.100;0;-162.847446568952;119.868103027344;77.154697958867;119.827842712402;-42.7785095454491;119.75691986084;49.9591598510742;1.16759085655212;637724383351000000
2021-11-13 22:12:15.200;0;-162.787327243877;119.822257995605;77.2463317767719;119.906700134277;-42.7533300530739;119.833946228027;50.0263328552246;0.270392447710037;637724383352000000
2021-11-13 22:12:15.300;0;-162.183156030655;119.796249389648;77.8379491023;119.848976135254;-42.1421749714249;119.778182983398;50.0064353942871;-0.212405040860176;637724383353000000
2021-11-13 22:12:15.400;0;-162.028916698817;119.80126953125;77.9879810376085;119.849571228027;-41.989175318922;119.78392791748;50.0041389465332;0.0269795637577772;637724383354000000
2021-11-13 22:12:15.500;0;-161.802946720317;119.808250427246;78.2187799598524;119.85400390625;-41.7621739818566;119.786331176758;50.0061187744141;-0.0018877184484154;637724383355000000
2021-11-13 22:12:15.600;0;-161.578561345703;119.817626953125;78.4440805798145;119.851356506348;-41.536770909057;119.782752990723;50.0062141418457;-0.00211899820715189;637724383356000000
2021-11-13 22:12:15.700;0;-161.424253711974;119.801513671875;78.5966670058725;119.844367980957;-41.3808001242652;119.775886535645;50.0061302185059;0.0700293406844139;637724383357000000
2021-11-13 22:12:15.800;0;-160.812924460502;119.803367614746;79.2155982578916;119.902053833008;-40.7807714207742;119.831504821777;50.0255851745605;0.125937521457672;637724383358000000
2021-11-13 22:12:15.900;0;-160.757599928225;119.856452941895;79.2361298065367;119.841850280762;-40.6959268109043;119.784950256348;49.9603958129883;-1.02404701709747;637724383359000000
2021-11-13 22:12:16.000;0;-164.05790635404;119.704856872559;75.8893166226629;119.513710021973;-43.9580968754887;119.445159912109;49.8740386962891;-0.434622973203659;637724383360000000
2021-11-13 22:12:16.100;0;-167.346137005402;119.882385253906;72.6506936352421;119.830184936523;-47.2841736050423;119.748474121094;49.9588775634766;1.17022550106049;637724383361000000
2021-11-13 22:12:16.200;0;-167.288039416322;119.82103729248;72.7462753024873;119.896392822266;-47.2538953764516;119.837852478027;50.0263633728027;0.269231975078583;637724383362000000
2021-11-13 22:12:16.300;0;-166.681709863322;119.795974731445;73.3366631939649;119.843338012695;-46.6443897854872;119.779800415039;50.00634765625;-0.214995086193085;637724383363000000
2021-11-13 22:12:16.400;0;-166.530393852449;119.810356140137;73.48672245003;119.843772888184;-46.4927800764804;119.780921936035;50.0041275024414;0.0294976513832808;637724383364000000
2021-11-13 22:12:16.500;0;-166.298030816885;119.803749084473;73.7171525420588;119.84839630127;-46.2654099091998;119.787445068359;50.0062942504883;-0.00355011550709605;637724383365000000
2021-11-13 22:12:16.600;0;-166.069451706122;119.800643920898;73.940772935485;119.851531982422;-46.0393852891858;119.792030334473;50.006175994873;-0.00713398307561874;637724383366000000
2021-11-13 22:12:16.700;0;-165.918231317898;119.794204711914;74.0956816258609;119.844314575195;-45.8850708252677;119.781105041504;50.0059928894043;0.0715226233005524;637724383367000000
2021-11-13 22:12:16.800;0;-165.314360632999;119.809242248535;74.7187178215711;119.895858764648;-45.2834745933621;119.833358764648;50.025390625;0.127129957079887;637724383368000000
2021-11-13 22:12:16.900;0;-165.257014364727;119.86116027832;74.7371320115734;119.848510742188;-45.2017445497537;119.778358459473;49.9605445861816;-1.0247700214386;637724383369000000
2021-11-13 22:12:17.000;0;-168.549752940942;119.697952270508;71.3860158085226;119.53392791748;-48.4703793883875;119.425537109375;49.8741149902344;-0.435058176517487;637724383370000000
2021-11-13 22:12:17.100;0;-171.84311989456;119.857574462891;68.1486700664766;119.836524963379;-51.7910807590643;119.743911743164;49.9586601257324;1.16890823841095;637724383371000000
2021-11-13 22:12:17.200;0;-171.787809022662;119.802154541016;68.2452626017189;119.893356323242;-51.7557891716229;119.847457885742;50.0263671875;0.268383175134659;637724383372000000
2021-11-13 22:12:17.300;0;-171.181288224364;119.800994873047;68.8364018140052;119.843505859375;-51.1482165241936;119.783493041992;50.0062980651855;-0.21568737924099;637724383373000000
2021-11-13 22:12:17.400;0;-171.035272440288;119.815582275391;68.9876085418509;119.84504699707;-50.995732550973;119.781517028809;50.0038909912109;0.0250247549265623;637724383374000000
2021-11-13 22:12:17.500;0;-170.809493707084;119.792137145996;69.2179839923663;119.847129821777;-50.7650565721342;119.786483764648;50.0061569213867;-0.00324442354030907;637724383375000000
2021-11-13 22:12:17.600;0;-170.581269766157;119.787864685059;69.4422122726287;119.847320556641;-50.5409239145202;119.787696838379;50.006275177002;-0.00306382472626865;637724383376000000
2021-11-13 22:12:17.700;0;-170.426825528645;119.79948425293;69.5954953779821;119.840034484863;-50.3891502809734;119.78099822998;50.0061492919922;0.0742240771651268;637724383377000000
2021-11-13 22:12:17.800;0;-169.818187371705;119.825477600098;70.2165303282655;119.887313842773;-49.7867754075024;119.837432861328;50.0255699157715;0.125934243202209;637724383378000000
2021-11-13 22:12:17.900;0;-169.752125782053;119.87328338623;70.2321168199515;119.85107421875;-49.7078730622105;119.770149230957;49.9607887268066;-1.0258857011795;637724383379000000
2021-11-13 22:12:18.000;0;-173.040766244765;119.690536499023;66.8811440508732;119.556831359863;-52.9801688822394;119.408546447754;49.8741188049316;-0.435454487800598;637724383380000000
2021-11-13 22:12:18.100;0;-176.341714708362;119.859046936035;63.6478759317617;119.84423828125;-56.296403309199;119.740158081055;49.9584999084473;1.17250728607178;637724383381000000
2021-11-13 22:12:18.200;0;-176.289586704617;119.823577880859;63.745028542516;119.890007019043;-56.2594793065459;119.844093322754;50.0263633728027;0.267383396625519;637724383382000000
2021-11-13 22:12:18.300;0;-175.680907566542;119.804092407227;64.3349519811299;119.844329833984;-55.6523574516018;119.777236938477;50.0063552856445;-0.215459242463112;637724383383000000
2021-11-13 22:12:18.400;0;-175.531626952042;119.805549621582;64.4860767467056;119.844512939453;-55.4982820443047;119.782608032227;50.0040245056152;0.0276476703584194;637724383384000000
2021-11-13 22:12:18.500;0;-175.305042256516;119.808586120605;64.7171420463272;119.849243164063;-55.2702903298096;119.791801452637;50.0061302185059;-0.0028302192222327;637724383385000000
2021-11-13 22:12:18.600;0;-175.082828882059;119.817848205566;64.942032854939;119.848129272461;-55.0466904269509;119.791870117188;50.006175994873;-0.000447119324235246;637724383386000000
2021-11-13 22:12:18.700;0;-174.924505097098;119.797897338867;65.0954935452109;119.836822509766;-54.8928984725043;119.782211303711;50.0063514709473;0.0745584070682526;637724383387000000
2021-11-13 22:12:18.800;0;-174.315156600485;119.80827331543;65.7171568728979;119.881851196289;-54.289744957468;119.843070983887;50.0254364013672;0.122225567698479;637724383388000000
2021-11-13 22:12:18.900;0;-174.249832671263;119.870002746582;65.732306232477;119.855842590332;-54.2166551031597;119.769683837891;49.9609527587891;-1.02435028553009;637724383389000000
2021-11-13 22:12:19.000;0;-177.528910869137;119.698295593262;62.3806572746709;119.57608795166;-57.4946268103889;119.396682739258;49.8743782043457;-0.432790607213974;637724383390000000
2021-11-13 22:12:19.100;0;179.164823137626;119.864692687988;59.1457362497803;119.852378845215;-60.8024532744802;119.740325927734;49.9581413269043;1.16992509365082;637724383391000000
2021-11-13 22:12:19.200;0;179.204807065027;119.817253112793;59.2424175774818;119.88289642334;-60.7602290450312;119.85245513916;50.0260772705078;0.268018424510956;637724383392000000
2021-11-13 22:12:19.300;0;179.813212995535;119.786109924316;59.8341919973609;119.836456298828;-60.1558119449984;119.783401489258;50.0064811706543;-0.212940126657486;637724383393000000
2021-11-13 22:12:19.400;0;179.968258289694;119.790496826172;59.9861705365828;119.84001159668;-60.0031025755353;119.786865234375;50.0041999816895;0.0278011150658131;637724383394000000
2021-11-13 22:12:19.500;0;-179.802339334376;119.8017578125;60.2157536851545;119.8427734375;-59.7749196157435;119.791709899902;50.0061569213867;-0.00466545158997178;637724383395000000
2021-11-13 22:12:19.600;0;-179.583062941262;119.819770812988;60.4391691729056;119.83975982666;-59.5495916750248;119.789756774902;50.0060005187988;-0.00410172482952476;637724383396000000
2021-11-13 22:12:19.700;0;-179.431815232281;119.80785369873;60.5951160520353;119.833358764648;-59.3952977016742;119.779403686523;50.0061569213867;0.0747457668185234;637724383397000000
2021-11-13 22:12:19.800;0;-178.824884622634;119.820358276367;61.2179405118813;119.877319335938;-58.7907098469122;119.838737487793;50.0254898071289;0.123826943337917;637724383398000000
2021-11-13 22:12:19.900;0;-178.748495786957;119.860282897949;61.2308359090343;119.862365722656;-58.7219776532943;119.759620666504;49.9612045288086;-1.02865254878998;637724383399000000
2021-11-13 22:12:20.000;0;177.979826297763;119.665908813477;57.8804505362246;119.60262298584;-62.0095730970641;119.379539489746;49.8744506835938;-0.433174043893814;637724383400000000
2021-11-13 22:12:20.100;0;174.669206286301;119.855102539063;54.6483708700287;119.860885620117;-65.3124681645747;119.731895446777;49.9580421447754;1.17026007175446;637724383401000000
2021-11-13 22:12:20.200;0;174.706881609763;119.840354919434;54.7446355561909;119.874809265137;-65.2619179345274;119.850967407227;50.0260314941406;0.26665860414505;637724383402000000
2021-11-13 22:12:20.300;0;175.31266474763;119.813652038574;55.332936824877;119.833366394043;-64.6583136270059;119.78296661377;50.0063858032227;-0.214536651968956;637724383403000000
2021-11-13 22:12:20.400;0;175.464226645313;119.812110900879;55.4839830432772;119.838455200195;-64.5069088236742;119.784759521484;50.0040969848633;0.0250437147915363;637724383404000000
2021-11-13 22:12:20.500;0;175.69071571819;119.808258056641;55.7158133240858;119.842193603516;-64.2780769959113;119.789985656738;50.006031036377;-0.00511383824050426;637724383405000000
2021-11-13 22:12:20.600;0;175.912355356757;119.813850402832;55.9393893212824;119.842658996582;-64.0531725269211;119.789451599121;50.0062141418457;0.00105511106085032;637724383406000000
2021-11-13 22:12:20.700;0;176.07140314177;119.807518005371;56.093000275716;119.834495544434;-63.8991449309481;119.78010559082;50.0062828063965;0.0719764828681946;637724383407000000
2021-11-13 22:12:20.800;0;176.673416015215;119.825080871582;56.7154729808197;119.870803833008;-63.2944546233486;119.842109680176;50.0251541137695;0.12025361508131;637724383408000000
2021-11-13 22:12:20.900;0;176.743753303288;119.862518310547;56.7318995857736;119.867774963379;-63.2327438641975;119.755332946777;49.9612998962402;-1.02400767803192;637724383409000000
2021-11-13 22:12:21.000;0;173.482488238768;119.660087585449;53.3829997791084;119.623825073242;-66.5243213082533;119.369956970215;49.8748207092285;-0.430572122335434;637724383410000000
2021-11-13 22:12:21.100;0;170.170816378174;119.848777770996;50.1470439805585;119.865203857422;-69.8177633939526;119.727355957031;49.957763671875;1.16816067695618;637724383411000000
2021-11-13 22:12:21.200;0;170.199749059499;119.841026306152;50.2423900062773;119.868446350098;-69.7650548241276;119.849571228027;50.0259170532227;0.268866151571274;637724383412000000
2021-11-13 22:12:21.300;0;170.808059367358;119.819229125977;50.8333516336452;119.831916809082;-69.1637454601672;119.781303405762;50.0065155029297;-0.214715480804443;637724383413000000
2021-11-13 22:12:21.400;0;170.961970850115;119.821617126465;50.9832264746027;119.83610534668;-69.0094446566275;119.781463623047;50.0041427612305;0.0278978999704123;637724383414000000
2021-11-13 22:12:21.500;0;171.18865116829;119.809066772461;51.2153914346806;119.840286254883;-68.7804352439461;119.788719177246;50.0060615539551;-0.0058120172470808;637724383415000000
2021-11-13 22:12:21.600;0;171.410413750262;119.811195373535;51.441931733977;119.841705322266;-68.557299793951;119.787773132324;50.0061073303223;-0.00383524503558874;637724383416000000
2021-11-13 22:12:21.700;0;171.566893384147;119.813522338867;51.5935960844972;119.833190917969;-68.4023706130076;119.77751159668;50.0062675476074;0.0771058723330498;637724383417000000
2021-11-13 22:12:21.800;0;172.171255842666;119.838203430176;52.2140982800253;119.864471435547;-67.793179210745;119.84122467041;50.0253486633301;0.122548028826714;637724383418000000
2021-11-13 22:12:21.900;0;172.253696225948;119.86018371582;52.2343566211036;119.872772216797;-67.7373287539018;119.753387451172;49.9615592956543;-1.0296014547348;637724383419000000
2021-11-13 22:12:22.000;0;168.994084067208;119.650276184082;48.8892646449007;119.645614624023;-71.040893179951;119.364753723145;49.8747062683105;-0.429890900850296;637724383420000000
2021-11-13 22:12:22.100;0;165.673013866316;119.857238769531;45.6489819215116;119.869911193848;-74.3275528878045;119.727226257324;49.9575042724609;1.1681501865387;637724383421000000
2021-11-13 22:12:22.200;0;165.697971377543;119.844146728516;45.7395741355681;119.863609313965;-74.2642848455226;119.849662780762;50.0258483886719;0.269002676010132;637724383422000000
2021-11-13 22:12:22.300;0;166.307306213778;119.814483642578;46.3321442724854;119.835510253906;-73.6645191043146;119.775543212891;50.0066146850586;-0.212298020720482;637724383423000000
2021-11-13 22:12:22.400;0;166.461436262589;119.825172424316;46.4857825476757;119.838272094727;-73.5145554708978;119.772689819336;50.0041160583496;0.0257291868329048;637724383424000000
2021-11-13 22:12:22.500;0;166.685247901312;119.817520141602;46.716134092529;119.83869934082;-73.2846308128677;119.783340454102;50.0060005187988;-0.00254660472273827;637724383425000000
2021-11-13 22:12:22.600;0;166.907420294634;119.818786621094;46.9406799765877;119.840446472168;-73.0595965702833;119.786148071289;50.0062599182129;-0.000229250465054065;637724383426000000
2021-11-13 22:12:22.700;0;167.06842151375;119.814262390137;47.0949124782358;119.831344604492;-72.9049337667175;119.777770996094;50.0063514709473;0.0748206451535225;637724383427000000
2021-11-13 22:12:22.800;0;167.672551745837;119.83617401123;47.7140998623487;119.8603515625;-72.2940894586758;119.843780517578;50.0252418518066;0.119350984692574;637724383428000000
2021-11-13 22:12:22.900;0;167.755989336738;119.850128173828;47.7350992789519;119.881553649902;-72.2433274927642;119.752388000488;49.9617195129395;-1.02623009681702;637724383429000000
2021-11-13 22:12:23.000;0;164.504272876678;119.624389648438;44.3911820952862;119.66707611084;-75.553018598499;119.363304138184;49.8749046325684;-0.430303752422333;637724383430000000
2021-11-13 22:12:23.100;0;161.179459732121;119.837608337402;41.1464255979908;119.878982543945;-78.8318440793744;119.728950500488;49.9572715759277;1.16826677322388;637724383431000000
2021-11-13 22:12:23.200;0;161.198748186337;119.841186523438;41.238674132921;119.860900878906;-78.7669299615026;119.848823547363;50.0258178710938;0.271157175302505;637724383432000000
2021-11-13 22:12:23.300;0;161.807673211222;119.806304931641;41.8334811567916;119.83073425293;-78.1688512770196;119.776840209961;50.0066223144531;-0.212098315358162;637724383433000000
2021-11-13 22:12:23.400;0;161.960505524091;119.811935424805;41.9829325260206;119.837142944336;-78.0145231527232;119.776245117188;50.0041313171387;0.02971794269979;637724383434000000
