,TimeStamp,Trash,V1,Phase1,V2,Phase2,V3,Phase3,Freq,dFreq/dt,SOC
0,1636685771.770622,ok,232.0503387451172,0.2549109160900116,221.3411865234375,2.0303993225097656,219.35079956054688,3.0332982540130615,50.0,UNK,UNK
1,1636685771.804588,ok,236.66299438476562,0.21267540752887726,237.45944213867188,2.088430166244507,234.35357666015625,3.103726387023926,50.0,UNK,UNK
2,1636685771.83861,ok,219.41798400878906,0.10604225844144821,231.0980987548828,2.1272060871124268,217.03256225585938,3.035491943359375,50.0,UNK,UNK
3,1636685771.872575,ok,227.60150146484375,-0.04014520347118378,231.50296020507812,1.9443093538284302,225.24774169921875,3.125195026397705,50.0,UNK,UNK
4,1636685771.906491,ok,236.43240356445312,0.12237410247325897,220.7124786376953,2.065859079360962,217.3732147216797,3.095813512802124,50.0,UNK,UNK
5,1636685771.940492,ok,223.48617553710938,0.1623866856098175,232.55596923828125,2.0622990131378174,237.50311279296875,3.065337896347046,50.0,UNK,UNK
6,1636685771.974524,ok,237.58026123046875,0.11000347882509232,231.1060028076172,2.117955446243286,231.66615295410156,3.051957368850708,50.0,UNK,UNK
7,1636685772.008483,ok,224.39962768554688,0.02864706516265869,237.35321044921875,1.9119082689285278,223.67160034179688,3.092092514038086,50.0,UNK,UNK
8,1636685772.042534,ok,216.21865844726562,0.016176482662558556,225.531005859375,1.921188235282898,226.69308471679688,3.115464448928833,50.0,UNK,UNK
9,1636685772.076635,ok,234.73484802246094,-0.03977854922413826,215.50596618652344,2.0502402782440186,230.14756774902344,3.0910494327545166,50.0,UNK,UNK
10,1636685772.110651,ok,230.89883422851562,0.20809932053089142,236.2914276123047,1.929661750793457,222.82940673828125,3.0238451957702637,50.0,UNK,UNK
11,1636685772.144579,ok,234.27528381347656,0.12245388329029083,225.09683227539062,2.14544939994812,222.14218139648438,3.0004968643188477,50.0,UNK,UNK
12,1636685772.178522,ok,227.1324005126953,-0.0015745112905278802,230.1736297607422,2.1001789569854736,226.2436981201172,3.058518648147583,50.0,UNK,UNK
13,1636685772.212505,ok,238.3953857421875,0.10243719816207886,226.4001922607422,1.97760808467865,224.21951293945312,3.0976696014404297,50.0,UNK,UNK
14,1636685772.246571,ok,237.71969604492188,0.29437702894210815,215.6010284423828,2.0614089965820312,230.0331268310547,3.0703225135803223,50.0,UNK,UNK
15,1636685772.280524,ok,234.37225341796875,0.25563710927963257,226.15394592285156,1.9742803573608398,215.29904174804688,3.0926032066345215,50.0,UNK,UNK
16,1636685772.314534,ok,221.59075927734375,0.07695288211107254,230.68052673339844,2.1495814323425293,238.55369567871094,3.078439235687256,50.0,UNK,UNK
17,1636685772.348527,ok,215.77545166015625,0.0013073186855763197,231.11878967285156,2.083275556564331,219.37399291992188,3.120471715927124,50.0,UNK,UNK
18,1636685772.382587,ok,228.88336181640625,0.2594562768936157,229.17681884765625,2.18168306350708,239.89193725585938,3.0258285999298096,50.0,UNK,UNK
19,1636685772.416547,ok,234.22366333007812,0.06270664185285568,224.62875366210938,1.9926369190216064,223.71177673339844,3.068913459777832,50.0,UNK,UNK
20,1636685772.450481,ok,223.94442749023438,-0.04923905432224274,227.86097717285156,1.9271819591522217,217.6883544921875,3.002281904220581,50.0,UNK,UNK
21,1636685772.484453,ok,236.53749084472656,0.1450807750225067,232.5250701904297,2.1495120525360107,222.36119079589844,3.13107967376709,50.0,UNK,UNK
22,1636685772.518399,ok,233.4043731689453,-0.09668078273534775,234.5649871826172,2.0410971641540527,219.3249969482422,3.024254083633423,50.0,UNK,UNK
23,1636685772.552473,ok,228.4503631591797,0.11195813119411469,229.133544921875,1.929206132888794,215.14842224121094,3.069908380508423,50.0,UNK,UNK
24,1636685772.586455,ok,232.08584594726562,0.16526173055171967,221.02667236328125,1.955258846282959,219.8062286376953,3.1283154487609863,50.0,UNK,UNK
25,1636685772.620484,ok,228.04864501953125,0.07943656295537949,236.28965759277344,2.1366803646087646,217.221435546875,3.130143404006958,50.0,UNK,UNK
26,1636685772.65446,ok,239.07736206054688,0.23233141005039215,221.3553924560547,2.187903881072998,215.01271057128906,3.080181121826172,50.0,UNK,UNK
27,1636685772.688397,ok,238.72494506835938,0.11530614644289017,239.2823944091797,2.0748260021209717,220.88758850097656,3.1396350860595703,50.0,UNK,UNK
28,1636685772.722339,ok,218.98760986328125,0.1464052051305771,234.83865356445312,1.9682048559188843,231.7503662109375,3.0196759700775146,50.0,UNK,UNK
29,1636685772.756392,ok,234.6095428466797,-0.006246163044124842,228.0902862548828,1.9588749408721924,227.06333923339844,3.120847463607788,50.0,UNK,UNK
30,1636685772.790447,ok,236.3743896484375,0.12989404797554016,219.58804321289062,2.144666910171509,235.7295684814453,3.0873889923095703,50.0,UNK,UNK
31,1636685772.824427,ok,229.1382598876953,-0.09169939905405045,232.2817840576172,2.1329562664031982,216.68301391601562,3.125943660736084,50.0,UNK,UNK
32,1636685772.85836,ok,224.92149353027344,0.21209529042243958,217.34274291992188,1.9546841382980347,229.63121032714844,3.0344204902648926,50.0,UNK,UNK
33,1636685772.892282,ok,228.74630737304688,0.19256654381752014,226.156494140625,2.183161497116089,236.63694763183594,3.0388083457946777,50.0,UNK,UNK
34,1636685772.926235,ok,224.8308563232422,-0.0782414898276329,230.6637725830078,2.1700310707092285,233.50216674804688,3.0017340183258057,50.0,UNK,UNK
35,1636685772.960209,ok,232.24612426757812,0.12711946666240692,228.1245574951172,2.006211996078491,216.4533233642578,3.109222173690796,50.0,UNK,UNK
36,1636685772.994131,ok,237.3152618408203,-0.003483185777440667,233.87472534179688,2.002328395843506,216.3231201171875,3.102707624435425,50.0,UNK,UNK
37,1636685773.02806,ok,217.7096710205078,0.16731008887290955,215.3404998779297,2.1313188076019287,231.9048614501953,3.0814976692199707,50.0,UNK,UNK
38,1636685773.062,ok,230.89993286132812,0.025490783154964447,228.47061157226562,2.1130242347717285,215.4970245361328,3.025812864303589,50.0,UNK,UNK
39,1636685773.095932,ok,234.78810119628906,0.027254784479737282,232.34854125976562,1.931044101715088,238.26617431640625,3.0942704677581787,50.0,UNK,UNK
40,1636685773.129863,ok,225.82884216308594,0.09715874493122101,232.88595581054688,1.904302954673767,228.10873413085938,3.0888264179229736,50.0,UNK,UNK
41,1636685773.163817,ok,227.06857299804688,0.059004899114370346,237.7197723388672,1.912143349647522,233.23646545410156,3.002534866333008,50.0,UNK,UNK
42,1636685773.19776,ok,230.2821807861328,0.1441960334777832,237.62249755859375,1.9144481420516968,223.6893768310547,3.037522077560425,50.0,UNK,UNK
43,1636685773.231821,ok,215.93624877929688,0.023285243660211563,233.7245635986328,2.0072457790374756,230.9628143310547,3.033853054046631,50.0,UNK,UNK
44,1636685773.265977,ok,223.18360900878906,0.13738380372524261,222.56094360351562,2.008594036102295,228.5110626220703,3.013763427734375,50.0,UNK,UNK
45,1636685773.300608,ok,230.24391174316406,0.07386910170316696,226.92958068847656,1.9279037714004517,232.84640502929688,3.007272720336914,50.0,UNK,UNK
46,1636685773.33454,ok,223.97528076171875,-0.0695515125989914,220.07154846191406,2.083237648010254,225.8976287841797,3.0008468627929688,50.0,UNK,UNK
47,1636685773.368592,ok,234.58030700683594,-0.08488065749406815,221.4244842529297,2.028597593307495,228.41549682617188,3.097799777984619,50.0,UNK,UNK
48,1636685773.402573,ok,233.74896240234375,0.20307014882564545,219.0191192626953,2.0845117568969727,235.91221618652344,3.138855457305908,50.0,UNK,UNK
49,1636685773.436582,ok,225.93533325195312,0.17945390939712524,226.3513641357422,2.1937201023101807,238.31881713867188,3.0975425243377686,50.0,UNK,UNK
50,1636685773.470558,ok,239.59246826171875,0.28179243206977844,230.9747772216797,2.167872190475464,235.7943878173828,3.076239585876465,50.0,UNK,UNK
51,1636685773.504544,ok,227.99435424804688,0.2905828654766083,218.83982849121094,1.9187406301498413,229.63650512695312,3.0974655151367188,50.0,UNK,UNK
52,1636685773.538463,ok,235.74948120117188,0.27392980456352234,233.95982360839844,2.0190656185150146,221.29795837402344,3.0155956745147705,50.0,UNK,UNK
53,1636685773.572427,ok,226.5462188720703,0.16117694973945618,237.90467834472656,1.9379937648773193,217.13990783691406,3.0015175342559814,50.0,UNK,UNK
54,1636685773.606403,ok,224.05020141601562,0.07837358862161636,234.5740509033203,2.057476043701172,215.18577575683594,3.1131749153137207,50.0,UNK,UNK
55,1636685773.640377,ok,222.42788696289062,0.17495256662368774,222.9805450439453,2.099351167678833,219.25941467285156,3.136087417602539,50.0,UNK,UNK
56,1636685773.674298,ok,238.56500244140625,-0.08923470973968506,219.19287109375,2.081542730331421,239.7427215576172,3.1080429553985596,50.0,UNK,UNK
57,1636685773.708221,ok,221.93057250976562,0.15282046794891357,218.13922119140625,1.9851075410842896,216.6309356689453,3.1228525638580322,50.0,UNK,UNK
58,1636685773.742167,ok,229.673095703125,0.028982317075133324,230.948974609375,2.0093822479248047,220.8130340576172,3.0876803398132324,50.0,UNK,UNK
59,1636685773.776077,ok,226.0977020263672,0.19686514139175415,222.30194091796875,2.054722785949707,228.3258514404297,3.0695061683654785,50.0,UNK,UNK
60,1636685773.810052,ok,220.20449829101562,0.27360570430755615,219.14930725097656,2.1282150745391846,223.83883666992188,3.1023287773132324,50.0,UNK,UNK
61,1636685773.84397,ok,229.02044677734375,0.05826059728860855,216.711181640625,2.017028570175171,222.29420471191406,3.033590316772461,50.0,UNK,UNK
62,1636685773.877901,ok,219.36669921875,0.27879443764686584,238.39601135253906,2.0948286056518555,235.65777587890625,3.138270378112793,50.0,UNK,UNK
63,1636685773.911832,ok,218.74603271484375,0.2927733063697815,216.8589630126953,2.1501433849334717,218.34628295898438,3.1280734539031982,50.0,UNK,UNK
64,1636685773.945772,ok,235.89816284179688,0.2157747447490692,234.2485809326172,2.1886045932769775,218.8238067626953,3.057299852371216,50.0,UNK,UNK
65,1636685773.979715,ok,236.96026611328125,0.028522877022624016,236.0261993408203,1.9502812623977661,230.58059692382812,3.1303560733795166,50.0,UNK,UNK
66,1636685774.013647,ok,222.54931640625,0.20005124807357788,215.19602966308594,1.950827717781067,215.78465270996094,3.0297627449035645,50.0,UNK,UNK
67,1636685774.047632,ok,237.650390625,0.08796465396881104,233.30291748046875,2.078001022338867,233.29322814941406,3.090451955795288,50.0,UNK,UNK
68,1636685774.081644,ok,236.41038513183594,0.2643272280693054,221.62252807617188,2.077862024307251,219.0916290283203,3.0136125087738037,50.0,UNK,UNK
69,1636685774.115731,ok,239.23406982421875,0.05283817648887634,237.40585327148438,2.012655258178711,229.28515625,3.1133017539978027,50.0,UNK,UNK
70,1636685774.149832,ok,238.34461975097656,-0.09575524926185608,218.8200225830078,2.1071019172668457,236.93536376953125,3.1219029426574707,50.0,UNK,UNK
71,1636685774.183764,ok,235.6627197265625,0.2549130320549011,219.395751953125,2.143948554992676,221.1372833251953,3.076782703399658,50.0,UNK,UNK
72,1636685774.21779,ok,233.63119506835938,-0.0500323586165905,220.76641845703125,2.0820608139038086,230.49147033691406,3.0574350357055664,50.0,UNK,UNK
73,1636685774.251793,ok,238.8128204345703,-0.06378962844610214,238.4597625732422,2.0396783351898193,217.31109619140625,3.0415291786193848,50.0,UNK,UNK
74,1636685774.28575,ok,226.6146240234375,0.29756471514701843,225.11683654785156,2.0752477645874023,226.9218292236328,3.0610196590423584,50.0,UNK,UNK
75,1636685774.319819,ok,222.52752685546875,0.17924168705940247,234.83633422851562,2.087392568588257,227.19253540039062,3.095050096511841,50.0,UNK,UNK
76,1636685774.35386,ok,219.4646759033203,0.15397357940673828,229.8489532470703,2.0557913780212402,235.88719177246094,3.1068458557128906,50.0,UNK,UNK
77,1636685774.387838,ok,224.63397216796875,0.2202545404434204,216.4381866455078,1.9032573699951172,226.95408630371094,3.014439582824707,50.0,UNK,UNK
78,1636685774.421868,ok,230.9827880859375,-0.08525379747152328,219.02244567871094,2.0621654987335205,235.51100158691406,3.0359299182891846,50.0,UNK,UNK
79,1636685774.455896,ok,226.27578735351562,-0.017347723245620728,236.6874237060547,2.083643674850464,217.41433715820312,3.1013758182525635,50.0,UNK,UNK
80,1636685774.48994,ok,237.86038208007812,-0.016034509986639023,238.8096466064453,1.9946038722991943,224.8867645263672,3.0623323917388916,50.0,UNK,UNK
81,1636685774.523888,ok,233.85610961914062,0.277157187461853,230.16854858398438,1.9527770280838013,225.63421630859375,3.0604639053344727,50.0,UNK,UNK
82,1636685774.557842,ok,216.06985473632812,0.2865296006202698,217.85116577148438,2.041274070739746,236.14369201660156,3.0632364749908447,50.0,UNK,UNK
83,1636685774.591791,ok,223.4005889892578,0.012784753926098347,219.1022186279297,2.154632568359375,232.84442138671875,3.1016623973846436,50.0,UNK,UNK
84,1636685774.625736,ok,220.1918182373047,-0.03490400314331055,217.26663208007812,2.0778048038482666,239.04383850097656,3.0455095767974854,50.0,UNK,UNK
85,1636685774.659679,ok,234.15707397460938,0.0021021580323576927,236.5457305908203,2.0581634044647217,216.2525634765625,3.078739881515503,50.0,UNK,UNK
86,1636685774.693629,ok,227.2020263671875,-0.09467627108097076,239.80401611328125,2.0760371685028076,228.8421630859375,3.1339006423950195,50.0,UNK,UNK
87,1636685774.727558,ok,235.1929473876953,0.22646163403987885,233.54283142089844,2.1677589416503906,218.61317443847656,3.0075442790985107,50.0,UNK,UNK
88,1636685774.761498,ok,217.62466430664062,0.12760993838310242,220.26995849609375,2.1563658714294434,236.22100830078125,3.124782085418701,50.0,UNK,UNK
89,1636685774.795435,ok,236.51344299316406,0.15776264667510986,237.43600463867188,2.147531747817993,232.9654998779297,3.003911256790161,50.0,UNK,UNK
90,1636685774.829365,ok,225.8890838623047,0.01203654333949089,236.14852905273438,1.9778984785079956,234.29884338378906,3.0870375633239746,50.0,UNK,UNK
91,1636685774.863292,ok,227.3321533203125,0.20246782898902893,222.76025390625,2.053101062774658,225.94200134277344,3.073621988296509,50.0,UNK,UNK
92,1636685774.897257,ok,237.72845458984375,0.2755705416202545,234.23118591308594,2.1600570678710938,221.27415466308594,3.0030739307403564,50.0,UNK,UNK
93,1636685774.931446,ok,225.5332794189453,-0.04498624429106712,229.9017333984375,2.1665687561035156,216.02340698242188,3.1267824172973633,50.0,UNK,UNK
94,1636685774.966096,ok,232.5989227294922,0.15266185998916626,232.3997802734375,1.9295167922973633,224.52850341796875,3.073091983795166,50.0,UNK,UNK
95,1636685775.00017,ok,227.9329376220703,0.07185274362564087,235.47003173828125,2.172478675842285,221.24729919433594,3.109973669052124,50.0,UNK,UNK
96,1636685775.034184,ok,223.40457153320312,0.014602839946746826,215.73292541503906,1.9706960916519165,215.45079040527344,3.04152774810791,50.0,UNK,UNK
97,1636685775.0683,ok,232.1150360107422,-0.03694950416684151,234.2891082763672,1.903118371963501,217.47962951660156,3.091266632080078,50.0,UNK,UNK
98,1636685775.102285,ok,233.60931396484375,0.14188791811466217,235.0267791748047,1.959688425064087,224.88473510742188,3.073880434036255,50.0,UNK,UNK
99,1636685775.136306,ok,224.3282928466797,0.014573273248970509,221.12234497070312,1.9914445877075195,234.05421447753906,3.0079519748687744,50.0,UNK,UNK
100,1636685775.170321,ok,222.8463897705078,0.09107093513011932,225.14817810058594,2.1118664741516113,239.0508575439453,3.1085405349731445,50.0,UNK,UNK
101,1636685775.20435,ok,228.8013153076172,-0.05255461111664772,221.50308227539062,1.9045987129211426,239.14952087402344,3.1216020584106445,50.0,UNK,UNK
102,1636685775.238369,ok,220.5655059814453,-0.024409137666225433,236.12301635742188,1.966675877571106,218.8905487060547,3.050701379776001,50.0,UNK,UNK
103,1636685775.272395,ok,217.3199005126953,-0.04236752167344093,216.44374084472656,1.9124832153320312,220.13101196289062,3.130080223083496,50.0,UNK,UNK
104,1636685775.306399,ok,221.0716552734375,0.2929404079914093,216.10336303710938,1.9559385776519775,219.4608917236328,3.0855908393859863,50.0,UNK,UNK
105,1636685775.340325,ok,215.89439392089844,0.09842415899038315,225.80516052246094,2.166067123413086,237.80621337890625,3.0776638984680176,50.0,UNK,UNK
106,1636685775.374238,ok,239.61514282226562,-0.04019767791032791,221.07818603515625,2.1906001567840576,220.9707489013672,3.1011195182800293,50.0,UNK,UNK
107,1636685775.408164,ok,234.7217254638672,0.11728501319885254,233.93955993652344,2.044299602508545,230.02572631835938,3.0198652744293213,50.0,UNK,UNK
108,1636685775.442126,ok,221.3689422607422,0.017343441024422646,234.06692504882812,2.0806446075439453,231.20440673828125,3.0744729042053223,50.0,UNK,UNK
109,1636685775.476057,ok,217.55589294433594,0.26283398270606995,226.1721649169922,2.1363518238067627,218.69122314453125,3.059950113296509,50.0,UNK,UNK
110,1636685775.51002,ok,217.6474151611328,0.23621444404125214,228.44313049316406,2.16853666305542,230.97479248046875,3.0338196754455566,50.0,UNK,UNK
111,1636685775.54395,ok,233.45184326171875,0.2596357464790344,223.01531982421875,2.1037042140960693,226.36410522460938,3.0950112342834473,50.0,UNK,UNK
112,1636685775.577883,ok,222.0084228515625,0.22047467529773712,236.4066619873047,1.9113247394561768,239.4203643798828,3.071166753768921,50.0,UNK,UNK
113,1636685775.611809,ok,226.4188995361328,-0.07501985132694244,218.99314880371094,2.012338161468506,218.97509765625,3.1226799488067627,50.0,UNK,UNK
114,1636685775.645771,ok,226.08982849121094,0.17556144297122955,231.17385864257812,2.1049184799194336,234.64437866210938,3.103358268737793,50.0,UNK,UNK
115,1636685775.6797,ok,237.73854064941406,0.15891167521476746,232.88424682617188,2.0412235260009766,221.97645568847656,3.098158121109009,50.0,UNK,UNK
116,1636685775.713648,ok,236.3660125732422,0.2950807213783264,232.18240356445312,2.0186023712158203,233.5741424560547,3.0532004833221436,50.0,UNK,UNK
117,1636685775.747567,ok,237.14804077148438,0.03376525640487671,220.42556762695312,2.0737557411193848,215.50978088378906,3.0184366703033447,50.0,UNK,UNK
118,1636685775.781539,ok,234.662841796875,0.2810971736907959,230.2108917236328,2.0180304050445557,234.8051300048828,3.118041753768921,50.0,UNK,UNK
119,1636685775.816084,ok,226.6277313232422,0.29009974002838135,224.17498779296875,2.0443332195281982,220.50831604003906,3.104931354522705,50.0,UNK,UNK
120,1636685775.850261,ok,215.01947021484375,0.17093634605407715,218.44122314453125,1.9343972206115723,239.7257843017578,3.0216803550720215,50.0,UNK,UNK
121,1636685775.884311,ok,219.68003845214844,0.25007081031799316,217.381103515625,2.185961961746216,215.4954833984375,3.095191478729248,50.0,UNK,UNK
122,1636685775.918438,ok,216.2920379638672,-0.061113063246011734,221.21978759765625,2.0740559101104736,229.71524047851562,3.131761074066162,50.0,UNK,UNK
123,1636685775.952419,ok,223.92955017089844,0.19212663173675537,239.9299774169922,2.0374624729156494,225.1549835205078,3.119616746902466,50.0,UNK,UNK
124,1636685775.986466,ok,219.5348358154297,0.2566554546356201,215.71542358398438,2.1569182872772217,237.2768096923828,3.1337692737579346,50.0,UNK,UNK
125,1636685776.020473,ok,228.5330810546875,0.06116751208901405,218.55055236816406,2.1520752906799316,220.8065643310547,3.0270917415618896,50.0,UNK,UNK
126,1636685776.054482,ok,229.58091735839844,0.22959214448928833,226.0152587890625,1.9887197017669678,225.4998016357422,3.035658597946167,50.0,UNK,UNK
127,1636685776.088442,ok,220.39073181152344,-0.0666164755821228,233.41331481933594,2.1444315910339355,226.85508728027344,3.0112380981445312,50.0,UNK,UNK
128,1636685776.122548,ok,215.48849487304688,0.09658545255661011,225.20274353027344,2.021618604660034,222.4900360107422,3.0317375659942627,50.0,UNK,UNK
129,1636685776.156587,ok,235.97776794433594,0.13127781450748444,237.44053649902344,1.9694188833236694,216.6610870361328,3.0650641918182373,50.0,UNK,UNK
130,1636685776.190539,ok,237.44717407226562,0.14309968054294586,234.7238006591797,2.0726702213287354,226.03204345703125,3.137423515319824,50.0,UNK,UNK
131,1636685776.224484,ok,232.45013427734375,-0.05836789309978485,226.15377807617188,1.9015824794769287,238.09063720703125,3.0823304653167725,50.0,UNK,UNK
132,1636685776.258424,ok,224.7351837158203,0.27359017729759216,218.98097229003906,2.177706241607666,224.6895751953125,3.071925640106201,50.0,UNK,UNK
133,1636685776.292363,ok,222.98165893554688,0.018013037741184235,230.0865478515625,2.174514055252075,216.61526489257812,3.06795597076416,50.0,UNK,UNK
134,1636685776.326309,ok,236.8778839111328,-0.07786251604557037,235.9167022705078,2.029935836791992,224.07176208496094,3.114211320877075,50.0,UNK,UNK
135,1636685776.360255,ok,236.3985137939453,-0.09180914610624313,238.96507263183594,2.125394582748413,237.2369842529297,3.0441696643829346,50.0,UNK,UNK
136,1636685776.394189,ok,233.45025634765625,0.22543105483055115,218.8436279296875,2.149393081665039,219.09564208984375,3.100386619567871,50.0,UNK,UNK
137,1636685776.42813,ok,226.1524200439453,0.2405090183019638,237.5464324951172,2.0412185192108154,228.03480529785156,3.038033962249756,50.0,UNK,UNK
138,1636685776.462067,ok,239.2469024658203,0.19787803292274475,221.6364288330078,1.9438881874084473,217.07095336914062,3.056971788406372,50.0,UNK,UNK
139,1636685776.496012,ok,233.9490509033203,0.2558227777481079,234.80609130859375,2.118483781814575,237.47743225097656,3.1026806831359863,50.0,UNK,UNK
140,1636685776.529914,ok,230.11810302734375,0.16551573574543,227.91253662109375,2.1670122146606445,232.68621826171875,3.130971908569336,50.0,UNK,UNK
141,1636685776.563858,ok,215.72804260253906,-0.008155466057360172,235.76016235351562,1.9813841581344604,222.9639892578125,3.027845859527588,50.0,UNK,UNK
142,1636685776.597818,ok,226.22119140625,0.15695203840732574,222.15838623046875,2.089639663696289,238.92950439453125,3.0270464420318604,50.0,UNK,UNK
143,1636685776.631752,ok,219.32867431640625,0.16655869781970978,222.01246643066406,1.9010279178619385,218.7996826171875,3.0010533332824707,50.0,UNK,UNK
144,1636685776.665824,ok,216.4434051513672,0.1455237865447998,235.48269653320312,2.0998775959014893,226.97023010253906,3.09013295173645,50.0,UNK,UNK
145,1636685776.69978,ok,222.55589294433594,0.1382385641336441,235.2424774169922,1.912217140197754,232.8546142578125,3.0722999572753906,50.0,UNK,UNK
146,1636685776.733717,ok,238.2909698486328,-0.09940791130065918,221.5658721923828,2.0767300128936768,232.3931121826172,3.096497058868408,50.0,UNK,UNK
147,1636685776.767778,ok,220.54830932617188,0.01823401264846325,226.38827514648438,1.933261752128601,231.29368591308594,3.027698278427124,50.0,UNK,UNK
148,1636685776.801841,ok,236.65078735351562,-0.08319073915481567,237.19515991210938,2.0832607746124268,236.42178344726562,3.0271613597869873,50.0,UNK,UNK
149,1636685776.835732,ok,232.03236389160156,0.08767598867416382,235.73028564453125,2.193081855773926,232.41152954101562,3.0703554153442383,50.0,UNK,UNK
150,1636685776.869702,ok,224.85655212402344,0.017234891653060913,232.29531860351562,1.932138204574585,215.57737731933594,3.0610926151275635,50.0,UNK,UNK
151,1636685776.904049,ok,225.20143127441406,0.04732990264892578,233.64297485351562,2.0775628089904785,239.71353149414062,3.0744469165802,50.0,UNK,UNK
152,1636685776.938256,ok,227.13714599609375,0.024180803447961807,232.6148681640625,2.1072216033935547,225.92637634277344,3.0682296752929688,50.0,UNK,UNK
153,1636685776.972317,ok,239.3024444580078,0.04224651679396629,230.1845703125,2.0039846897125244,218.15286254882812,3.0872137546539307,50.0,UNK,UNK
154,1636685777.00635,ok,224.81057739257812,0.2715042531490326,237.5883026123047,1.9317724704742432,218.81031799316406,3.0247318744659424,50.0,UNK,UNK
155,1636685777.040275,ok,234.31398010253906,0.13798585534095764,228.7523193359375,1.9421582221984863,238.79425048828125,3.1386704444885254,50.0,UNK,UNK
156,1636685777.074208,ok,236.35147094726562,0.23389360308647156,220.09197998046875,2.1374733448028564,238.9941864013672,3.0467755794525146,50.0,UNK,UNK
157,1636685777.108122,ok,216.08438110351562,-0.007603922393172979,236.989013671875,1.9489412307739258,230.7128143310547,3.021653175354004,50.0,UNK,UNK
158,1636685777.14206,ok,216.2058868408203,-0.07767034322023392,232.89915466308594,1.96494722366333,227.931640625,3.029780864715576,50.0,UNK,UNK
159,1636685777.175993,ok,231.5184326171875,-0.016294436529278755,218.75872802734375,2.0744667053222656,217.63873291015625,3.1182119846343994,50.0,UNK,UNK
160,1636685777.209938,ok,218.72174072265625,-0.0507684089243412,233.57843017578125,2.055074691772461,236.6904754638672,3.081348180770874,50.0,UNK,UNK
161,1636685777.243866,ok,220.4940185546875,0.2975844740867615,235.67144775390625,1.9127691984176636,233.62977600097656,3.0234129428863525,50.0,UNK,UNK
162,1636685777.277796,ok,235.0017547607422,0.045681070536375046,221.93519592285156,1.957015872001648,229.31936645507812,3.080376386642456,50.0,UNK,UNK
163,1636685777.31173,ok,226.3386993408203,0.2947315275669098,218.79464721679688,2.1024222373962402,232.8538818359375,3.0615220069885254,50.0,UNK,UNK
164,1636685777.345678,ok,233.49217224121094,-0.013904841616749763,218.79830932617188,2.044764518737793,230.98294067382812,3.0422606468200684,50.0,UNK,UNK
165,1636685777.37961,ok,217.415771484375,0.08318440616130829,221.15188598632812,2.1164193153381348,233.66915893554688,3.1395983695983887,50.0,UNK,UNK
166,1636685777.413578,ok,223.67117309570312,0.09300024807453156,228.7267608642578,2.0400478839874268,230.98281860351562,3.1388649940490723,50.0,UNK,UNK
167,1636685777.447528,ok,218.71737670898438,0.2559242248535156,235.64451599121094,2.024704933166504,220.91940307617188,3.0512290000915527,50.0,UNK,UNK
168,1636685777.4815,ok,236.9752655029297,0.11097883433103561,233.39208984375,1.9798967838287354,236.22760009765625,3.021077871322632,50.0,UNK,UNK
169,1636685777.515559,ok,225.52268981933594,0.2430187612771988,229.20062255859375,2.047907590866089,237.433837890625,3.0245697498321533,50.0,UNK,UNK
170,1636685777.551637,ok,237.46678161621094,-0.06407405436038971,233.62005615234375,1.9942951202392578,228.481201171875,3.0065460205078125,50.0,UNK,UNK
171,1636685777.585562,ok,238.13145446777344,0.2519122362136841,218.327880859375,2.0139544010162354,237.46310424804688,3.111610174179077,50.0,UNK,UNK
172,1636685777.619629,ok,235.00672912597656,0.2633974850177765,224.51644897460938,1.9122710227966309,235.216796875,3.0219664573669434,50.0,UNK,UNK
173,1636685777.653656,ok,220.83006286621094,0.11623828113079071,232.22528076171875,1.9697940349578857,216.34161376953125,3.1106667518615723,50.0,UNK,UNK
174,1636685777.687691,ok,216.32749938964844,0.25511831045150757,232.79002380371094,2.00870943069458,232.6868896484375,3.095644950866699,50.0,UNK,UNK
175,1636685777.721738,ok,236.8203582763672,0.11764827370643616,219.95431518554688,2.018087863922119,227.63778686523438,3.077312707901001,50.0,UNK,UNK
176,1636685777.755783,ok,217.8697052001953,-0.01418390218168497,228.24282836914062,1.9417327642440796,220.70765686035156,3.0047969818115234,50.0,UNK,UNK
177,1636685777.789771,ok,221.8077392578125,0.13649724423885345,230.459228515625,2.1041336059570312,224.5313720703125,3.1302011013031006,50.0,UNK,UNK
178,1636685777.823757,ok,229.6973876953125,0.16015949845314026,239.04660034179688,2.068938970565796,237.2496337890625,3.0104990005493164,50.0,UNK,UNK
179,1636685777.857728,ok,215.46795654296875,0.13740932941436768,226.6804656982422,1.9901232719421387,217.78665161132812,3.045358657836914,50.0,UNK,UNK
180,1636685777.891673,ok,225.3236846923828,0.011684880591928959,225.68605041503906,2.1201131343841553,238.31797790527344,3.0632011890411377,50.0,UNK,UNK
181,1636685777.925628,ok,231.96739196777344,0.24725446105003357,223.94544982910156,2.045332193374634,234.39759826660156,3.0524277687072754,50.0,UNK,UNK
182,1636685777.959571,ok,215.3046875,0.2756049931049347,228.207763671875,2.0830624103546143,228.3601531982422,3.056868553161621,50.0,UNK,UNK
183,1636685777.993571,ok,216.3695831298828,0.012483572587370872,229.52198791503906,1.9270365238189697,238.32273864746094,3.0860202312469482,50.0,UNK,UNK
184,1636685778.027508,ok,227.81700134277344,0.08306967467069626,228.74461364746094,1.9415245056152344,219.0615692138672,3.0784003734588623,50.0,UNK,UNK
185,1636685778.061445,ok,229.1016082763672,-0.06352263689041138,227.39651489257812,2.191312074661255,232.822021484375,3.094813585281372,50.0,UNK,UNK
186,1636685778.095366,ok,229.9005889892578,0.13227911293506622,217.8385009765625,2.0469131469726562,220.22116088867188,3.0971951484680176,50.0,UNK,UNK
187,1636685778.129304,ok,231.7575225830078,0.20715516805648804,222.8909912109375,2.0602633953094482,217.06045532226562,3.091705322265625,50.0,UNK,UNK
188,1636685778.163268,ok,222.06512451171875,0.0652431771159172,218.1947784423828,1.9901113510131836,232.87158203125,3.0278537273406982,50.0,UNK,UNK
189,1636685778.197205,ok,222.08346557617188,-0.07518355548381805,227.26275634765625,1.9603817462921143,234.21243286132812,3.0049195289611816,50.0,UNK,UNK
190,1636685778.23121,ok,230.66683959960938,-0.004272922407835722,216.45802307128906,1.9288952350616455,216.89646911621094,3.031643867492676,50.0,UNK,UNK
191,1636685778.265515,ok,229.9056854248047,0.22172139585018158,229.42738342285156,1.901259422302246,220.88189697265625,3.008291006088257,50.0,UNK,UNK
192,1636685778.299901,ok,221.38104248046875,-0.055408742278814316,227.2552490234375,1.9294407367706299,223.86546325683594,3.041264057159424,50.0,UNK,UNK
193,1636685778.333906,ok,239.81288146972656,0.13707885146141052,222.326904296875,2.007291793823242,239.91339111328125,3.0747597217559814,50.0,UNK,UNK
194,1636685778.368396,ok,230.53150939941406,-0.08983653038740158,239.25576782226562,2.170405387878418,238.09335327148438,3.072868824005127,50.0,UNK,UNK
195,1636685778.402373,ok,227.75025939941406,0.21094834804534912,229.01805114746094,2.0943126678466797,221.20228576660156,3.056032657623291,50.0,UNK,UNK
196,1636685778.436384,ok,215.391357421875,0.2487509697675705,236.99005126953125,2.133358955383301,236.1804656982422,3.063673496246338,50.0,UNK,UNK
197,1636685778.470379,ok,231.80694580078125,-0.03929239138960838,235.2281951904297,2.0333900451660156,236.7480926513672,3.0621609687805176,50.0,UNK,UNK
198,1636685778.504354,ok,233.34181213378906,-0.0034966322127729654,226.43406677246094,2.1459290981292725,239.99473571777344,3.0812487602233887,50.0,UNK,UNK
199,1636685778.538348,ok,216.4582977294922,0.2347966730594635,229.23509216308594,2.190392255783081,237.118408203125,3.129371166229248,50.0,UNK,UNK
200,1636685778.572371,ok,234.69833374023438,0.13594861328601837,225.96055603027344,1.9457699060440063,239.60220336914062,3.0086517333984375,50.0,UNK,UNK
201,1636685778.606318,ok,232.7734832763672,0.20127177238464355,222.2088165283203,2.10679030418396,229.27468872070312,3.0565037727355957,50.0,UNK,UNK
202,1636685778.640237,ok,234.45660400390625,0.008629051968455315,230.38912963867188,2.1459197998046875,230.5544891357422,3.0599188804626465,50.0,UNK,UNK
203,1636685778.674216,ok,219.4825897216797,-0.02137136273086071,216.69668579101562,2.172900676727295,228.95547485351562,3.030134439468384,50.0,UNK,UNK
204,1636685778.708166,ok,215.77371215820312,0.0411343015730381,226.2379150390625,2.0094592571258545,237.78221130371094,3.0164918899536133,50.0,UNK,UNK
205,1636685778.742117,ok,216.44906616210938,0.04173841327428818,230.7689971923828,1.9042214155197144,222.29025268554688,3.068500280380249,50.0,UNK,UNK
206,1636685778.77725,ok,233.16738891601562,0.25393936038017273,230.29710388183594,2.048701047897339,232.96163940429688,3.0064306259155273,50.0,UNK,UNK
207,1636685778.811192,ok,218.0365753173828,-0.03559524565935135,230.89382934570312,2.19602108001709,237.4420928955078,3.0615100860595703,50.0,UNK,UNK
208,1636685778.845118,ok,233.80101013183594,0.016640720888972282,217.5508575439453,1.9442393779754639,239.51914978027344,3.040372371673584,50.0,UNK,UNK
209,1636685778.87906,ok,232.38462829589844,0.03524978458881378,236.80902099609375,1.9822778701782227,239.702880859375,3.139181137084961,50.0,UNK,UNK
210,1636685778.913018,ok,221.4033966064453,0.02996630221605301,228.07113647460938,1.9530044794082642,237.17279052734375,3.0985817909240723,50.0,UNK,UNK
211,1636685778.947,ok,234.6069793701172,0.08672532439231873,236.31117248535156,1.9410889148712158,218.05752563476562,3.0690371990203857,50.0,UNK,UNK
212,1636685778.981141,ok,237.58612060546875,0.09685956686735153,219.5294647216797,1.9494447708129883,227.34437561035156,3.038076639175415,50.0,UNK,UNK
213,1636685779.015381,ok,217.9533233642578,0.28826308250427246,220.384765625,1.9376194477081299,237.60398864746094,3.127636432647705,50.0,UNK,UNK
214,1636685779.049394,ok,236.24783325195312,-0.07290419936180115,223.79641723632812,2.0937933921813965,232.43553161621094,3.008328914642334,50.0,UNK,UNK
215,1636685779.083339,ok,237.94837951660156,0.0440000481903553,235.73483276367188,2.0541272163391113,223.26177978515625,3.07999587059021,50.0,UNK,UNK
216,1636685779.117384,ok,231.86666870117188,0.06010596081614494,215.88589477539062,2.029175281524658,224.228759765625,3.115630865097046,50.0,UNK,UNK
217,1636685779.151474,ok,223.4180450439453,0.05706752836704254,222.99411010742188,2.093714952468872,223.25796508789062,3.108261823654175,50.0,UNK,UNK
218,1636685779.185454,ok,233.03965759277344,0.252349853515625,221.28111267089844,1.9176429510116577,228.12583923339844,3.119581699371338,50.0,UNK,UNK
219,1636685779.219371,ok,220.4698028564453,0.10878145694732666,237.53904724121094,2.012192487716675,236.40257263183594,3.006243944168091,50.0,UNK,UNK
220,1636685779.253294,ok,217.14584350585938,0.07879044860601425,219.26145935058594,2.1628613471984863,223.1106719970703,3.0445284843444824,50.0,UNK,UNK
221,1636685779.287217,ok,237.0311737060547,0.26438865065574646,234.6701202392578,2.1599440574645996,237.143798828125,3.038206100463867,50.0,UNK,UNK
222,1636685779.321135,ok,236.91903686523438,0.050987523049116135,235.4799041748047,2.1136324405670166,235.75323486328125,3.119636058807373,50.0,UNK,UNK
223,1636685779.35511,ok,224.87893676757812,0.23883049190044403,229.4730682373047,1.900067925453186,226.12022399902344,3.0037641525268555,50.0,UNK,UNK
224,1636685779.389093,ok,224.1358184814453,0.15072761476039886,215.00294494628906,2.133995532989502,217.63552856445312,3.018101215362549,50.0,UNK,UNK
225,1636685779.423151,ok,222.6966552734375,0.11809290945529938,235.19761657714844,2.144164562225342,232.01162719726562,3.1336045265197754,50.0,UNK,UNK
226,1636685779.457177,ok,229.28054809570312,-0.09447263926267624,228.77130126953125,2.008086919784546,227.4147186279297,3.0867137908935547,50.0,UNK,UNK
227,1636685779.491138,ok,239.86280822753906,0.09772854298353195,236.4267578125,2.052361488342285,215.1224365234375,3.1234540939331055,50.0,UNK,UNK
228,1636685779.525098,ok,216.41567993164062,-0.029848814010620117,231.6145782470703,2.1410069465637207,234.47845458984375,3.01601505279541,50.0,UNK,UNK
229,1636685779.559076,ok,222.5989227294922,0.27872735261917114,224.45724487304688,2.150749683380127,215.68533325195312,3.072021484375,50.0,UNK,UNK
230,1636685779.593021,ok,222.58132934570312,0.14162276685237885,217.15077209472656,1.9705660343170166,233.34266662597656,3.0998542308807373,50.0,UNK,UNK
231,1636685779.626957,ok,217.02035522460938,0.16267377138137817,235.68838500976562,2.0807719230651855,232.0732421875,3.006293773651123,50.0,UNK,UNK
232,1636685779.660893,ok,234.23443603515625,0.17198608815670013,237.19677734375,2.1440463066101074,216.98355102539062,3.043691873550415,50.0,UNK,UNK
233,1636685779.694841,ok,215.3459014892578,0.2123432159423828,236.83642578125,1.9031916856765747,216.7486114501953,3.0553579330444336,50.0,UNK,UNK
234,1636685779.728781,ok,236.78794860839844,0.21195051074028015,227.4227294921875,2.0708584785461426,226.44480895996094,3.130795955657959,50.0,UNK,UNK
235,1636685779.762718,ok,228.78697204589844,0.21988847851753235,226.89169311523438,2.16597843170166,236.2636260986328,3.1305742263793945,50.0,UNK,UNK
236,1636685779.796749,ok,231.19259643554688,-0.06992115825414658,231.73037719726562,2.0049304962158203,219.7951202392578,3.0715529918670654,50.0,UNK,UNK
237,1636685779.83074,ok,236.32073974609375,0.0551440566778183,218.64614868164062,1.9049185514450073,216.78109741210938,3.070056676864624,50.0,UNK,UNK
238,1636685779.86485,ok,224.73414611816406,0.10115644335746765,222.0691680908203,2.021851062774658,218.66748046875,3.0715794563293457,50.0,UNK,UNK
239,1636685779.89894,ok,216.82498168945312,0.0666239857673645,232.79701232910156,2.156843423843384,239.05589294433594,3.088348388671875,50.0,UNK,UNK
240,1636685779.933017,ok,223.2164306640625,-0.03430063650012016,217.42076110839844,2.118840456008911,216.1376190185547,3.0724036693573,50.0,UNK,UNK
241,1636685779.966959,ok,231.23081970214844,0.147978737950325,237.2061767578125,2.07918643951416,219.24900817871094,3.03467059135437,50.0,UNK,UNK
242,1636685780.001095,ok,218.89161682128906,-0.031820062547922134,237.99363708496094,2.045509099960327,223.4385223388672,3.015967845916748,50.0,UNK,UNK
243,1636685780.03517,ok,219.5541534423828,-0.09045223891735077,227.08396911621094,1.9178191423416138,226.0237274169922,3.0495243072509766,50.0,UNK,UNK
244,1636685780.069271,ok,227.91270446777344,0.06918364018201828,221.14942932128906,2.084195137023926,238.95172119140625,3.032039165496826,50.0,UNK,UNK
245,1636685780.103528,ok,226.47084045410156,0.16911835968494415,215.84030151367188,2.057229518890381,218.26419067382812,3.1297566890716553,50.0,UNK,UNK
246,1636685780.137847,ok,230.11224365234375,0.29307588934898376,226.14405822753906,2.079353094100952,223.1852264404297,3.0530459880828857,50.0,UNK,UNK
247,1636685780.171953,ok,223.13827514648438,0.07638122886419296,228.5867462158203,2.128303050994873,232.73171997070312,3.0758936405181885,50.0,UNK,UNK
248,1636685780.205969,ok,232.85943603515625,-0.009865953586995602,238.91050720214844,2.056729793548584,217.4692840576172,3.0771965980529785,50.0,UNK,UNK
249,1636685780.239906,ok,229.63677978515625,0.07704317569732666,223.09841918945312,1.9444407224655151,234.06903076171875,3.1180951595306396,50.0,UNK,UNK
250,1636685780.273843,ok,220.28955078125,0.05761222541332245,239.4130096435547,1.9146090745925903,231.73951721191406,3.0330512523651123,50.0,UNK,UNK
251,1636685780.307788,ok,222.8999481201172,0.14848826825618744,220.25552368164062,2.0736145973205566,229.1145782470703,3.0603277683258057,50.0,UNK,UNK
252,1636685780.341722,ok,234.64430236816406,0.029062649235129356,236.24583435058594,2.1951205730438232,223.34393310546875,3.0870423316955566,50.0,UNK,UNK
253,1636685780.375663,ok,219.30397033691406,0.23468196392059326,222.92999267578125,1.9374576807022095,225.5535430908203,3.02236008644104,50.0,UNK,UNK
254,1636685780.409597,ok,216.5537109375,-0.006758816074579954,231.693603515625,2.1091322898864746,231.1173553466797,3.0100011825561523,50.0,UNK,UNK
255,1636685780.443493,ok,235.19976806640625,0.287824422121048,232.99124145507812,2.145742177963257,218.2200927734375,3.0214619636535645,50.0,UNK,UNK
256,1636685780.477425,ok,238.4673309326172,0.09621740877628326,227.5761260986328,2.1463186740875244,237.47523498535156,3.028714895248413,50.0,UNK,UNK
257,1636685780.511509,ok,215.1573944091797,0.1396225392818451,235.7415008544922,2.070249319076538,229.26580810546875,3.0130722522735596,50.0,UNK,UNK
258,1636685780.545498,ok,225.38134765625,0.2779519557952881,226.33335876464844,2.0986456871032715,221.3664093017578,3.0099592208862305,50.0,UNK,UNK
259,1636685780.579437,ok,222.50216674804688,0.003486732253804803,224.1972198486328,2.0084218978881836,231.38214111328125,3.0615012645721436,50.0,UNK,UNK
260,1636685780.613444,ok,221.30323791503906,0.24371671676635742,215.9597625732422,2.0640957355499268,237.3746337890625,3.0934362411499023,50.0,UNK,UNK
261,1636685780.647436,ok,221.40716552734375,0.20107419788837433,229.52407836914062,2.0750861167907715,236.77951049804688,3.1313066482543945,50.0,UNK,UNK
262,1636685780.681421,ok,231.70521545410156,0.07611878961324692,219.7205352783203,1.9942139387130737,218.8102264404297,3.075960636138916,50.0,UNK,UNK
263,1636685780.715352,ok,215.7804718017578,0.05485057830810547,233.5481719970703,2.042625665664673,230.19454956054688,3.070843458175659,50.0,UNK,UNK
264,1636685780.749273,ok,218.70314025878906,0.2846219539642334,215.23538208007812,2.187821865081787,239.95333862304688,3.1214182376861572,50.0,UNK,UNK
265,1636685780.783279,ok,226.00352478027344,0.036852966994047165,224.0679931640625,1.9507046937942505,233.28228759765625,3.1322295665740967,50.0,UNK,UNK
266,1636685780.817178,ok,239.65037536621094,0.2620353102684021,230.29409790039062,2.041869878768921,235.82310485839844,3.121358633041382,50.0,UNK,UNK
267,1636685780.851117,ok,225.8081817626953,0.07522343099117279,218.84780883789062,2.1312501430511475,224.98733520507812,3.0342423915863037,50.0,UNK,UNK
268,1636685780.88512,ok,232.70033264160156,0.25171396136283875,226.71617126464844,1.9527554512023926,224.7740020751953,3.1104233264923096,50.0,UNK,UNK
269,1636685780.919145,ok,227.9464111328125,0.2989698648452759,233.3062744140625,2.0821313858032227,216.9897918701172,3.004794120788574,50.0,UNK,UNK
270,1636685780.953095,ok,236.17213439941406,0.2244017869234085,232.65005493164062,1.9744658470153809,230.8004913330078,3.079418182373047,50.0,UNK,UNK
271,1636685780.987036,ok,228.14666748046875,0.22995895147323608,218.5161895751953,2.157827377319336,228.5274658203125,3.046539068222046,50.0,UNK,UNK
272,1636685781.020995,ok,222.52674865722656,-0.03776389732956886,220.46234130859375,2.196105718612671,227.2533416748047,3.101227045059204,50.0,UNK,UNK
273,1636685781.055028,ok,239.4486083984375,0.15870659053325653,226.0605010986328,2.0980844497680664,220.59056091308594,3.04672908782959,50.0,UNK,UNK
274,1636685781.089052,ok,223.87242126464844,0.2851453125476837,215.25601196289062,2.12313175201416,233.64219665527344,3.0169126987457275,50.0,UNK,UNK
275,1636685781.123023,ok,233.3984375,0.06459810584783554,224.52378845214844,2.1409337520599365,238.75186157226562,3.090331792831421,50.0,UNK,UNK
276,1636685781.157041,ok,221.92330932617188,0.2334483116865158,226.2758331298828,1.9855220317840576,237.1391143798828,3.090855360031128,50.0,UNK,UNK
277,1636685781.190994,ok,233.70574951171875,-0.09405408054590225,234.76956176757812,1.9139779806137085,233.1248321533203,3.0002799034118652,50.0,UNK,UNK
278,1636685781.224926,ok,227.51734924316406,0.19901400804519653,226.48927307128906,1.9496524333953857,231.12246704101562,3.1322689056396484,50.0,UNK,UNK
279,1636685781.258872,ok,215.29598999023438,0.2461284101009369,237.73899841308594,2.110776662826538,239.63720703125,3.1147565841674805,50.0,UNK,UNK
280,1636685781.292879,ok,220.9166259765625,-0.03781557083129883,219.7510528564453,1.9864659309387207,238.68603515625,3.0840256214141846,50.0,UNK,UNK
281,1636685781.326834,ok,234.77694702148438,0.07774022966623306,235.1939239501953,2.1783604621887207,217.42327880859375,3.06191349029541,50.0,UNK,UNK
282,1636685781.360932,ok,230.4156036376953,0.14402814209461212,236.16061401367188,2.0155141353607178,217.80328369140625,3.024768114089966,50.0,UNK,UNK
283,1636685781.395109,ok,226.78909301757812,0.195924773812294,228.5840301513672,2.1272478103637695,229.8582763671875,3.063843011856079,50.0,UNK,UNK
284,1636685781.429051,ok,231.9549102783203,0.17520686984062195,235.59730529785156,1.9136148691177368,231.6988983154297,3.116292953491211,50.0,UNK,UNK
285,1636685781.463094,ok,233.19790649414062,0.08515512198209763,224.73077392578125,1.9429101943969727,235.28121948242188,3.1297383308410645,50.0,UNK,UNK
286,1636685781.497096,ok,237.46188354492188,-0.02714526280760765,235.9934539794922,2.0502798557281494,236.2496795654297,3.129398822784424,50.0,UNK,UNK
287,1636685781.531047,ok,235.31610107421875,-0.06827560812234879,239.0515899658203,2.111316680908203,233.95632934570312,3.0688366889953613,50.0,UNK,UNK
288,1636685781.564968,ok,215.0172576904297,0.1167682558298111,226.27442932128906,1.9048527479171753,227.69078063964844,3.0848841667175293,50.0,UNK,UNK
289,1636685781.598976,ok,217.85995483398438,0.15906430780887604,221.5132598876953,1.9118921756744385,238.544921875,3.048539161682129,50.0,UNK,UNK
290,1636685781.632897,ok,227.24668884277344,0.18728028237819672,236.4478302001953,1.9442719221115112,239.57147216796875,3.055157423019409,50.0,UNK,UNK
291,1636685781.666836,ok,237.95401000976562,-0.010649403557181358,237.30592346191406,1.9822174310684204,218.27366638183594,3.023045778274536,50.0,UNK,UNK
292,1636685781.70077,ok,237.78616333007812,0.027844727039337158,222.0362548828125,1.9488035440444946,215.70614624023438,3.0867979526519775,50.0,UNK,UNK
293,1636685781.734718,ok,233.9132843017578,0.18644709885120392,234.36407470703125,2.114584445953369,232.70816040039062,3.0375847816467285,50.0,UNK,UNK
294,1636685781.76889,ok,222.60906982421875,0.21658948063850403,217.49256896972656,1.961688756942749,217.24462890625,3.008361339569092,50.0,UNK,UNK
295,1636685781.803033,ok,229.97296142578125,0.25628751516342163,234.50686645507812,2.105206251144409,219.54884338378906,3.099029302597046,50.0,UNK,UNK
296,1636685781.837075,ok,229.55636596679688,0.2558034360408783,218.81617736816406,1.960632562637329,218.67138671875,3.0847978591918945,50.0,UNK,UNK
297,1636685781.87105,ok,227.5946502685547,0.22155512869358063,237.33474731445312,2.1878011226654053,218.82791137695312,3.063852310180664,50.0,UNK,UNK
298,1636685781.905064,ok,221.6671142578125,0.006789517588913441,224.52740478515625,2.1599888801574707,219.1612091064453,3.020421028137207,50.0,UNK,UNK
299,1636685781.93913,ok,239.14822387695312,0.06209765747189522,224.7777557373047,2.158182382583618,220.63633728027344,3.1144165992736816,50.0,UNK,UNK
